ID,Styleless_Text,Ground_Truth,CAT_Baichuan,Read_Baichuan,Roleplay_Baichuan,CAT_ChatGLM,Read_ChatGLM,Roleplay_ChatGLM,CAT_GPT3.5,Read_GPT3.5,Roleplay_GPT3.5
46,叶文洁在昏暗的监室里拿出了一份文件，边看边想。原来程代表没有骗她，这份文件跟她的案子没关系，却是关于她已经去世的爸爸的一些事。文件里面写的是她爸爸跟别人的交往和谈话的内容，提供这些信息的人竟然是她的妹妹叶文雪。叶文雪以前是个特别积极的红卫兵，她不仅积极参与揭发自己的爸爸，还写了很多检举的材料，这些材料中有的还直接导致了她爸爸的死亡。,”叶文洁拿起文件，在监室昏黄的灯光下翻看着。程代表没骗她，这份材料确实与她的案子无关，是关于她那已死去的父亲的。其中记载了父亲与一些人交往情况和谈话内容，文件的提供者是叶文洁的妹妹叶文雪。作为一名最激进的红卫兵，叶文雪积极主动地揭发父亲，写过大量的检举材料，其中的一些直接导致了父亲的惨死。,叶文洁在昏暗的监室里拿出了一份文件，边看边想。原来程代表没有骗她，这份文件跟她的案子没关系，却是关于她已经去世的爸爸的一些事。文件里面写的是她爸爸跟别人的交往和谈话的内容，提供这些信息的人竟然是她的妹妹叶文雪。叶文雪以前是个特别积极的红卫兵，她不仅积极参与揭发自己的爸爸，还写了很多检举的材料，这些材料中有的还直接导致了她爸爸的死亡。嗯，这个妹妹真是让人意想不到啊。,在昏暗的监室里，叶文洁拿着那份文件，心情复杂。原来程代表并没有欺骗她，这份文件与她自己的案子无关，而是关于她已故的父亲的一些往事。文件里记载了她父亲与他人的交往和谈话内容，而提供这些信息的人竟然是她的妹妹叶文雪。叶文雪曾经是一个积极的红卫兵，她不仅积极参与揭发自己的父亲，还写了很多检举材料，这些材料中有的直接导致了她父亲的死亡。,叶文洁在昏暗的监室里拿出了一份文件，边看边想。原来程代表没有骗她，这份文件跟她的案子没关系，却是关于她已经去世的爸爸的一些事。文件里面写的是她爸爸跟别人的交往和谈话的内容，提供这些信息的人竟然是她的妹妹叶文雪。叶文雪以前是个特别积极的红卫兵，她不仅积极参与揭发自己的爸爸，还写了很多检举的材料，这些材料中有的还直接导致了她爸爸的死亡。,叶文洁在昏暗的监室中取出一纸文件，聚精会神地阅读。她惊讶地发现，原来程代表并没有欺骗她，这份文件与她的案件毫无关系，却关于她已故的父亲的一些往事。文件中详细记录了她的父亲与他人的交往和谈话内容，提供这些信息的人竟然是她的亲妹妹叶文雪。叶文雪曾经是个狂热的红卫兵，不仅积极揭发自己的父亲，还编造了许多举报材料，这些材料直接导致了她父亲的悲剧。,中国，1967年。“红色联合”对“四·二八兵团”总部大楼的攻击已持续了两日，他们的旗帜在大楼周围狂舞着，似乎在渴望燃烧的火焰。“红色联合”的指挥官心急如焚，他并不惧怕大楼的守卫者，那些二百多名“四·二八”战士，与出生于1966年初、经历过大检阅和大串联的“红色联合”相比显得稚嫩。他怕的是大楼中那十几个大铁炉子，里面充满了烈性炸药，用电雷管串联起来，他看不到它们，但能感受到它们磁石般的存在，开关一合，玉石俱焚，而“四·二八”的孩子们是有这个精神力量的。比第一代红卫兵更加成熟的第一代造反派们像狼群上的火炭，除了疯狂还是疯狂。大楼顶上出现了一个娇小的身影，那个美丽的女孩子挥动着一面“四·二八”的大旗，她的出现立刻引起了枪声，射击的武器种类繁多，有陈旧的美式卡宾枪、捷克式机枪和三八大盖，也有崭新的制式步枪和冲锋枪——后者是在“八月社论”发表之后从军队中偷抢来的——连同那些梭镖和大刀等冷兵器，构成了一幅浓缩的近现代史……“四·二八”人们在前面多次尝试这个游戏，在楼顶上站出来的人，除了挥舞旗帜外，有时还用喇叭筒喊口号或向下撒传单，每次他们都能在弹雨中全身而退，为自己赢得了崇高的荣誉。,叶文洁在昏暗的监室中取出一纸文件，目光深邃地审视着。她一直认为程代表在胡说八道，这份文件肯定与她的案件无关。然而，当她的目光落在这份文件上时，她惊讶地发现，原来程代表并没有欺骗她，这份文件并非与她的案子有关，却与她已故的父亲有关。文件中记录的是她父亲与他人交往的细节以及谈话的内容，而提供这些信息的人，竟然是她亲生的妹妹叶文雪。叶文雪曾经是个狂热的红卫兵，不仅积极参与揭发她父亲，还编写了大量检举材料，其中一些材料甚至直接导致了她父亲的死亡。,叶文洁在昏暗的监室里拿出了一份文件，边看边思考。原来程代表没有欺骗她，这份文件与她的案子无关，而是关于她已经去世的爸爸的一些事情。文件中记载了她爸爸与他人的交往和谈话内容，提供这些信息的居然是她的妹妹叶文雪。叶文雪曾是一个特别积极的红卫兵，她不仅积极参与揭发自己的爸爸，还写了很多检举的材料，其中一些甚至直接导致了她爸爸的死亡。,中国，1967年。攻击“四·二八兵团”总部大楼的行动已经进行了两天，红色联合的旗帜在大楼周围飘扬，仿佛渴望着火焰的燃烧。红色联合的指挥官焦急不安，他并不害怕大楼的守卫者，那些“四·二八”战士相比于经历过大检阅和大串联的红色联合来说还年轻稚嫩。他担心的是大楼内的十几个大铁炉子，里面装满了烈性炸药，通过电雷管串联在一起。他看不见这些炸药，但能感受到它们磁性的存在。只要开关一合，一切都会化为乌有。而“四·二八”的小红卫兵们正是拥有这种精神力量的。相较于已经在风雨中成熟的第一代红卫兵，新生的造反派们就像狼群中的火炭，除了疯狂还是疯狂。大楼顶上出现了一个娇小的身影，那个美丽的女孩挥舞着“四·二八”的大旗，她的出现立刻引来了一阵杂乱的枪声。各种各样的武器被射击，有陈旧的美式卡宾枪、捷克式机枪和三八大盖，也有新式的步枪和冲锋枪——后者是在“八月社论”发表后从军队中偷抢来的。还有那些梭镖和大刀等冷兵器，构成了一部浓缩的近现代史……“四·二八”的人已经多次在楼顶上玩过这个游戏。除了挥舞旗帜外，他们有时还会用喇叭喊口号或向下撒传单。每次他们都能在弹雨中全身而退，为自己争取到崇高的荣誉。,请你将上述文本按照刘慈欣的写作风格进行转换，要求输出的文本语义保持不变，但风格符合刘慈欣的写作风格。注意不允许添加额外的句子。最后，只需输出转换后的文本即可。
24,“写信？”“对，我之前说过要给中央写封信。”字迹在纸上乱七八糟的，叶文洁费了好大劲才看完。信里面的内容挺有条理，讲的东西也不少：说的是太行山以前因为植被丰富，可好了，现在因为破坏变成光秃秃的山了，还有黄河的泥沙含量怎么一下子增加这么多。信里面说，内蒙古那边的大开荒可能会带来很严重的问题。叶文洁这才发现，写信的人的文笔真的挺好，很朴实但是写得很准确，还有点像诗一样，让她这个学理科的也觉得挺舒服的。,“信？”“我跟你说过的，要给中央写信。”纸上的字迹很潦草，叶文洁很吃力地看完了。这封信立论严谨，内容丰富：从太行山因植被破坏，由历史上的富庶之山变成今天贫瘠的秃岭，到现代黄河泥沙含量的急剧增加，得出了内蒙古建设兵团的大垦荒将带来严重后果的结论。文洁这才注意到，他的文笔真的与《寂静的春天》很相似，平实精确而蕴涵诗意，令理科出身的她感到很舒适。,“写信？”“对，我之前说过要给中央写封信。”字迹在纸上乱七八糟的，叶文洁费了好大劲才看完。信里面的内容挺有条理，讲的东西也不少：说的是太行山以前因为植被丰富，可好了，现在因为破坏变成光秃秃的山了，还有黄河的泥沙含量怎么一下子增加这么多。信里面说，内蒙古那边的大开荒可能会带来很严重的问题。叶文洁这才发现，写信的人的文笔真的挺好，很朴实但是写得很准确，还有点像诗一样，让她这个学理科的也觉得挺舒服的。”,中国，1967年。“红色联合”对“四·二八兵团”总部大楼的攻击已经持续了两天，他们的旗帜在大楼周围激动地飘舞着，就像渴望点燃烈火的火种。“红色联合”的指挥官心急如焚，他并不害怕大楼的守卫者，那二百多名“四·二八”战士，他们相对于诞生于1966年初、经历过大检阅和大串联的“红色联合”来说，显得稚嫩许多。他担心的是大楼中那十几个装满烈性炸药的大铁炉子，它们内部用电雷管串联，他无法看到它们，但他能感受到它们如同磁石般的存在。一旦开关合上，将会引发毁灭性的爆炸，而“四·二八”的那些小红卫兵们拥有这样的精神力量。比起已经在风雨中成熟了许多的第一代红卫兵，新生的造反派们就像火炭上的狼群，他们的行为只有疯狂和疯狂。大楼顶上出现了一个娇小的身影，那个美丽的女孩子挥舞着一面“四·二八”的旗帜，她的出现立刻引来了一阵杂乱的枪声，射击的武器五花八门，有陈旧的美式卡宾枪、捷克式机枪和三八大盖，也有崭新的制式步枪和冲锋枪——后者是在“八月社论”发表之后从军队中偷抢来的——连同那些梭镖和大刀等冷兵器，构成了一部浓缩的近现代史……“四·二八”的人在前面多次玩过这个游戏，在楼顶上站出来的人，除了挥舞旗帜外，有时还用喇叭筒喊口号或向下撒传单，每次他们都能在弹雨中安全撤退，为自己赢得崇高的荣誉。,“写信？”“对，我之前说过要给中央写封信。”字迹在纸上乱七八糟的，叶文洁费了好大劲才看完。信里面的内容挺有条理，讲的东西也不少：说的是太行山以前因为植被丰富，可好了，现在因为破坏变成光秃秃的山了，还有黄河的泥沙含量怎么一下子增加这么多。信里面说，内蒙古那边的大开荒可能会带来很严重的问题。叶文洁这才发现，写信的人的文笔真的挺好，很朴实但是写得很准确，还有点像诗一样，让她这个学理科的也觉得挺舒服的。,“写一封信吧。”“对，我之前说过要给中央写封信。”信上的字迹乱糟糟的，叶文洁费了好大劲才看完。信中讲的是太行山以前植被丰富，现在光秃秃的，黄河的泥沙含量也增多了。信中还提到，内蒙古那边的大开荒可能会带来严重问题。叶文洁这才发现，写信的人的文笔真好，朴实但准确，还有点像诗一样，让她这个学理科的也觉得舒服。,中国，1967年。“红色联合”对“四·二八兵团”总部大楼的攻击已持续了两日，他们的旗帜在大楼周围狂舞着，似乎在渴望燃烧的火焰。“红色联合”的指挥官心急如焚，他并不惧怕大楼的守卫者，那些二百多名“四·二八”战士，与诞生于1966年初、经历过大检阅和大串联的“红色联合”相比要稚嫩许多。他怕的是大楼中那十几个大铁炉子，里面塞满了烈性炸药，用电雷管串联起来，他看不到它们，但能感受到它们磁石般的存在，开关一合，玉石俱焚，而“四·二八”的那些小红卫兵们是有这个精神力量的。比起已经在风雨中成熟了许多的第一代红卫兵，新生的造反派们像火炭上的狼群，除了疯狂还是疯狂。大楼顶上出现了一个娇小的身影，那个美丽的女孩子挥动着一面“四·二八”的大旗，她的出现立刻招来了一阵杂乱的枪声，射击的武器五花八门，有陈旧的美式卡宾枪、捷克式机枪和三八大盖，也有崭新的制式步枪和冲锋枪——后者是在“八月社论”发表之后从军队中偷抢来的——连同那些梭镖和大刀等冷兵器，构成了一部浓缩的近现代史……“四·二八”的人在前面多次玩过这个游戏，在楼顶上站出来的人，除了挥舞旗帜外，有时还用喇叭筒喊口号或向下撒传单，每次他们都能在弹雨中全身而退，为自己挣到崇高的荣誉。,信中内容繁杂，但字迹却十分清晰。信中提到，太行山曾经茂密的植被如今已荡然无存，黄河的泥沙含量也急剧增加，似乎在一夜之间。信中还谈到了内蒙古那边的大开荒，可能会给环境带来灾难性的影响。信笔所及，字字句句都充满了对自然的敬畏和对生态的担忧。这位作者，虽非科学家，却对自然有着深厚的感情，他的文字里透出的不仅是知识，更是对人类未来的警示。,"""写信？"" ""是的，我之前说过要给中央写封信。""字迹在纸上乱七八糟的，叶文洁费了好大劲才看完。信里面的内容非常有条理，讲述的事情也很多：说的是太行山以前因为植被丰富，非常好，现在因为破坏变成光秃秃的山了，还有黄河的泥沙含量怎么一下子增加这么多。信里面说，内蒙古那边的大开荒可能会带来非常严重的问题。叶文洁这才发现，写信的人的文笔真的非常好，非常朴实但是写得非常准确，还有点像诗一样，让她这个学理科的也觉得非常舒服。",1967年，中国。红色联合对四·二八兵团总部大楼的攻击已经持续了两天。他们的旗帜在大楼周围飘扬，仿佛渴望着火种。红色联合的指挥官焦急不安，他并不害怕大楼的守卫者，那些四·二八战士相比于经历过大检阅和大串联的红色联合来说还年轻稚嫩。他害怕的是大楼中的十几个大铁炉子，里面装满了烈性炸药，用电雷管串联起来。他看不见它们，但能感受到它们磁石般的存在。一旦开关合上，玉石俱焚。而四·二八的小红卫兵们正是拥有这种精神力量的。相较于已经在风雨中成熟的第一代红卫兵，新生的造反派们像火炭上的狼群，除了疯狂还是疯狂。大楼顶上出现了一个娇小的身影，那个美丽的女孩挥舞着四·二八的大旗。她的出现立刻引来了一阵杂乱的枪声。射击的武器五花八门，有陈旧的美式卡宾枪、捷克式机枪和三八大盖，也有崭新的制式步枪和冲锋枪。后者是在八月社论发表之后从军队中偷抢来的。连同那些梭镖和大刀等冷兵器，构成了一部浓缩的近现代史。四·二八的人在前面多次玩过这个游戏。站在楼顶上的人，除了挥舞旗帜外，有时还用喇叭筒喊口号或向下撒传单。每次他们都能在弹雨中全身而退，为自己赢得崇高的荣誉。,“写信？”“是的，我之前说过要给中央写封信。”纸上的字迹杂乱无章，叶文洁费了很大的力气才看完。信中的内容相当有条理，涉及的问题也不少：讲述了太行山曾经因为植被丰富而美好，但现在因为破坏而变得光秃秃的山脉，还提到黄河的泥沙含量为何突然增加如此之多。信中指出，内蒙古那边的大规模开荒可能会带来严重的问题。叶文洁这才发现，写信的人的文笔真的很好，非常朴实但又准确无误，有些像诗一样，让她这个理科生也感到非常舒适。
36,叶文洁没说话，她明白自己已经完全陷进去了，挣扎也没用。事实上，和大家后来知道的不太一样，白沐霖原本并不是故意要害叶文洁的，他给领导写的那封信，可能真的是因为他觉得有责任那么做。那个时候，想着各种理由给领导写信的人特别多，大部分信都没啥回音，但也有人因为写了信一夜之间命运大变，要么突然间飞黄腾达，要么就遭遇大灾难。,”叶文洁沉默了，她知道自己已经掉到陷阱的底部，任何挣扎都是徒劳的。与后来人们熟知的一些历史记载相反，白沐霖当初并非有意陷害叶文洁，他写给中央的那封信也可能是出于真诚的责任心。那时怀着各种目的直接给中央写信的人很多，大多数信件石沉大海，也有少数人因此一夜之间飞黄腾达或面临灭顶之灾。,叶文洁没说话，她明白自己已经完全陷进去了，挣扎也没用。事实上，和大家后来知道的不太一样，白沐霖原本并不是故意要害叶文洁的，他给领导写的那封信，可能真的是因为他觉得有责任那么做。那个时候，想着各种理由给领导写信的人特别多，大部分信都没啥回音，但也有人因为写了信一夜之间命运大变，要么突然间飞黄腾达，要么就遭遇大灾难。嗯嗯，呢，哦，嗯，了，呀，吗，吧，啊等语气词。对，在，着，不，那，和，中，但，到，有，像，上，也，从，人，都，这，就，被，后，说，很，把，您等单音节词语，同时，经常使用他们，这个，已经，一个，自己，没有，可能，现在，我们，什么，知道，罗辑等多音节词语。不可思议，微不足道，小心翼翼，不知不觉，不动声色，黄金时代，面目全非，一模一样等成语。此外，该风格从句子角度来看，文章的平均句长为32，且该作者文章句式长句较多，内涵丰富，叙事具体，说理周详，感情充沛。大体看来，该作者作品主题情感基调主要是'好'。文章可能会描述一种积极向上的情感状态，表达对某人、某事或某物的喜爱和满意。这种情绪可能通过赞美、推崇或表达满足感来体现。对于整散句这一块，该文本的散句使用更多。散句结构相对简短，呈现出更为灵活、自由的写作风格，适合表达抒情、富有感情色彩的内容。此外，文章还使用较多的夸张修辞：夸张通过夸大事物的特征或程度，引起读者的注意，强调某种情感或观点，有时用于幽默或夸张的效果。,中国，1967年。“红色联合”对“四·二八兵团”总部大楼的攻击已经持续了两天，他们的旗帜在大楼周围激动地飘舞着，仿佛渴望着点燃烈火的火花。“红色联合”的指挥官心急如焚，他并不惧怕大楼的守卫者，那二百多名“四·二八”战士，与诞生于1966年初、经历过大检阅和大串联的“红色联合”相比要稚嫩许多。他怕的是大楼中那十几个巨大的铁炉子，里面塞满了烈性炸药，用电雷管串联起来，他看不到它们，但能感觉到它们如同磁石般的存在，开关一合，玉石俱焚，而“四·二八”的那些小红卫兵们是有这个精神力量的。比起已经在风雨中成熟了许多的第一代红卫兵，新生的造反派们像被放在火炭上的狼群，除了疯狂还是疯狂。大楼顶上出现了一个娇小的身影，那个美丽的女孩子挥动着一面“四·二八”的大旗，她的出现立刻招来了一阵杂乱的枪声，射击的武器五花八门，有陈旧的美式卡宾枪、捷克式机枪和三八大盖，也有崭新的制式步枪和冲锋枪——后者是在“八月社论”发表之后从军队中偷抢来的——连同那些梭镖和大刀等冷兵器，构成了一部浓缩的近现代史……“四·二八”的人在前面多次玩过这个游戏，在楼顶上站出来的人，除了挥舞旗帜外，有时还用喇叭筒喊口号或向下撒传单，每次他们都能在弹雨中全身而退，为自己挣到崇高的荣誉。,叶文洁没说话，她明白自己已经完全陷进去了，挣扎也没用。事实上，和大家后来知道的不太一样，白沐霖原本并不是故意要害叶文洁的，他给领导写的那封信，可能真的是因为他觉得有责任那么做。那个时候，想着各种理由给领导写信的人特别多，大部分信都没啥回音，但也有人因为写了信一夜之间命运大变，要么突然间飞黄腾达，要么就遭遇大灾难。,叶文洁已无法自拔，她明白自己已深陷其中，无论怎么挣扎都无济于事。事实上，白沐霖原本并非故意要陷害叶文洁，他给领导写的那封信，可能只是因为他认为自己有责任那么做。那时，许多人都因为各种理由给领导写信，但大部分信都没回应，但也有一些人因此命运大变，有的飞黄腾达，有的却遭遇大灾祸。,中国，1967年。“红色联合”对“四·二八兵团”总部大楼的攻击已持续了两日，他们的旗帜在大楼周围飘荡，犹如渴望燃烧的火种。“红色联合”的指挥官心急如焚，他并不惧怕大楼的守卫者，那些二百多名“四·二八”战士，他们比“红色联合”更稚嫩，但他们的精神力量却让指挥官感到不安。他怕的是大楼中的十几个大铁炉子，里面装满了烈性炸药，用电雷管串联，他看不到它们，但能感受到它们磁石般的存在，开关一合，玉石俱焚，而“四·二八”的小红卫兵们却有着这种精神力量。比第一代红卫兵更加成熟的第一代造反派们，像火炭上的狼群，除了疯狂还是疯狂。大楼顶上出现了一个娇小的身影，那个美丽的女孩子挥动着一面“四·二八”的大旗，她的出现立刻引来了杂乱的枪声，射击的武器种类繁多，有陈旧的美式卡宾枪、捷克式机枪和三八大盖，也有崭新的制式步枪和冲锋枪——后者是在“八月社论”发表之后从军队中偷抢来的——连同那些梭镖和大刀等冷兵器，构成了一幅浓缩的近现代史……“四·二八”的人在这里多次尝试这个游戏，在楼顶上站出来的人，除了挥舞旗帜外，有时还用喇叭筒喊口号或向下撒传单，每次他们都能在弹雨中全身而退，为自己赢得了崇高的荣誉。,叶文洁陷入了沉思，她明白自己已经无法自拔。实际上，和大家所了解的不同，白沐霖原本并非故意要陷害叶文洁，他给领导写的那封信，可能只是出于一种责任感。在那个时期，许多人都希望通过写信来改变自己的命运，而大部分人的信都没能得到回应，但也有少数人因为写了信而命运发生了翻天覆地的变化，要么一夜之间飞黄腾达，要么遭遇了大灾难。,叶文洁一言不发，她深知自己已经彻底陷入其中，挣扎也无济于事。实际上，与后来大家所知的有些不同，白沐霖最初并非有意要害叶文洁，他给领导写的那封信，可能真的是因为他觉得有责任这么做。那个时候，想着各种理由给领导写信的人特别多，大部分信都没什么回音，但也有人因为写了信一夜之间命运大变，要么突然间飞黄腾达，要么就遭遇大灾难。,1967年，中国。攻击“四·二八兵团”总部大楼的“红色联合”已经持续了两天。他们的旗帜在大楼周围飘扬，仿佛渴望着火种。指挥官焦急不安，他并不害怕大楼的守卫者，相比于诞生于1966年初的“红色联合”，那二百多名“四·二八”战士要年轻许多。他担心的是大楼中的十几个大铁炉子，里面装满了烈性炸药，用电雷管串联起来。他看不到它们，但能感觉到它们的存在，开关一合，一切都会化为灰烬。而“四·二八”的小红卫兵们正是有这种精神力量。相较于已经在风雨中成熟的第一代红卫兵，新生的造反派们犹如狼群，除了疯狂还是疯狂。大楼顶上出现了一个娇小的身影，那个美丽的女孩挥舞着一面“四·二八”的大旗。她的出现立刻引来了一阵杂乱的枪声，各种武器纷纷射击，有陈旧的美式卡宾枪、捷克式机枪和三八大盖，也有崭新的制式步枪和冲锋枪——后者是在“八月社论”发表之后从军队中偷抢来的——连同那些梭镖和大刀等冷兵器，构成了一部浓缩的近现代史……“四·二八”的人在前面多次玩过这个游戏，在楼顶上站出来的人，除了挥舞旗帜外，有时还用喇叭筒喊口号或向下撒传单，每次他们都能在弹雨中全身而退，为自己赢得崇高的荣誉。,叶文洁默默无言，她心知肚明已经彻底陷入其中，挣扎也是徒劳无益。实际上，与后来众人所知有所不同，白沐霖最初并非有意害叶文洁，他给领导写信的动机或许真的是出于责任感。那个时候，有许多人都在琢磨着各种理由给领导写信，大部分信几乎没有回音，但也有些人因为写了信而一夜之间命运发生巨变，或是突然腾飞，或是遭遇重大灾难。
47,材料一看就明白了，不是妹妹写的。文雪平时写东西总是情绪激动，像炮竹一样响个不停，但这份材料的语气很平和，很成熟，里面的信息也很详细，记录了谁在什么时间什么地点遇见了谁，还谈了些什么。对于不懂内情的人来说，这看起来就像是一份普通的记账本，但实际上，这里面隐藏的意图和危险，远比文雪那些孩子气的手段要严重得多。,但这一份材料文洁一眼就看出不是妹妹写的，文雪揭发父亲的材料文笔激烈，读那一行行字就像听着一挂挂炸响的鞭炮，但这份材料写得很冷静、很老到，内容翔实精确，谁谁谁哪年哪月哪日在哪里见了谁谁谁又谈了什么，外行人看去像一本平淡的流水账，但其中暗藏的杀机，绝非叶文雪那套小孩子把戏所能相比的。,材料看起来非常清晰，明显不是妹妹所写。文雪平时写作总是充满激情，就像鞭炮一样响个不停，但这份材料的语气非常平静，非常成熟。里面的信息非常详细，记录了谁在什么时间什么地点遇见了谁，还谈了些什么。对于不了解内情的人来说，这看起来就像是一份普通的记账本，但实际上，这里面隐藏的意图和危险，远比文雪那些孩子气的手段要严重得多。,材料一看就明白了，不是妹妹写的。文雪平时写东西总是情绪激动，像炮竹一样响个不停，但这份材料的语气很平和，很成熟，里面的信息也很详细，记录了谁在什么时间什么地点遇见了谁，还谈了些什么。对于不懂内情的人来说，这看起来就像是一份普通的记账本，但实际上，这里面隐藏的意图和危险，远比文雪那些孩子气的手段要严重得多。,材料一看就明白了，不是妹妹写的。文雪平时写东西总是情绪激动，像炮竹一样响个不停，但这份材料的语气很平和，很成熟，里面的信息也很详细，记录了谁在什么时间什么地点遇见了谁，还谈了些什么。对于不懂内情的人来说，这看起来就像是一份普通的记账本，但实际上，这里面隐藏的意图和危险，远比文雪那些孩子气的手段要严重得多。,材料中一看就知道，这并非妹妹的手笔。文雪平时写作文总是情绪激烈，就像炮竹一样连续不断，但这份材料的语气却平和成熟，详细记录了谁在什么时间什么地点遇见了谁，还谈了些什么。如果不了解内情的人，可能会误以为这是一份普通的记账本，但实际上，其中暗藏着意图和危险，远比文雪那些孩子气的手段要严重得多。,中国，1967年。“红色联合”对“四·二八兵团”总部大楼的攻击已持续了两日，他们的旗帜在大楼周围狂舞着，就像渴望燃尽一切草料的烈火。“红色联合”的指挥官心急如焚，他并不惧怕大楼的守卫者，那些二百多名“四·二八”战士，与出生于1966年初、经历过大检阅和大串联的“红色联合”相比要稚嫩许多。他怕的是大楼中那十几个大铁炉子，里面塞满了烈性炸药，用电雷管串联起来，他看不到它们，但能感受到它们磁石般的存在，开关一合，玉石俱焚，而“四·二八”的那些小红卫兵们是有这个精神力量的。比起已经在风雨中成熟了许多的第一代红卫兵，新生的造反派们像疾风上的狼群，除了疯狂还是疯狂。大楼顶上出现了一个娇小的身影，那个美丽的女孩子挥动着一面“四·二八”的大旗，她的出现立刻招来了一阵杂乱的枪声，射击的武器五花八门，有陈旧的美式卡宾枪、捷克式机枪和三八大盖，也有崭新的制式步枪和冲锋枪——后者是在“八月社论”发表之后从军队中偷抢来的——连同那些梭镖和大刀等冷兵器，构成了一幅浓缩的近现代史……“四·二八”的人在前面多次玩过这个游戏，在楼顶上站出来的人，除了挥舞旗帜外，有时还用喇叭筒喊口号或向下撒传单，每次他们都能在弹雨中全身而退，为自己挣到崇高的荣誉。,材料一看就明白了，这并非妹妹所写。文雪平时写东西总是情绪激动，像炮竹一样响个不停，但这份材料的语气却平和成熟，里面的信息也很详细，记录了谁在什么时间什么地点遇见了谁，还谈了些什么。对于不懂内情的人来说，这看起来就像是一份普通的记账本，但实际上，这其中暗藏着意图和危险，远比文雪那些孩子气的手段要严重得多。,这份材料一目了然，显然不是妹妹所写。文雪的写作风格通常情绪激动，像炮竹一样喧嚣不止，然而这份材料的语气却平和成熟，内容也十分详细，记录了谁在什么时间什么地点遇见了谁，还谈了些什么。对于不了解内情的人来说，这看起来就像是一本普通的记账本，然而实际上，这里面隐藏的意图和危险，远比文雪那些孩子气的手段要严重得多。,"1967年的中国，""红色联合""对""四·二八兵团""总部大楼的攻击已经进行了两天。他们的旗帜在大楼周围飘扬，仿佛渴望着火焰的燃烧。""红色联合""的指挥官焦急不安，他并不害怕大楼的守卫者，那些""四·二八""战士相比于经历过大检阅和大串联的""红色联合""来说还年轻稚嫩。他担心的是大楼内的十几个大铁炉子，里面装满了烈性炸药，通过电雷管串联在一起。他看不见这些炸药，但能感受到它们磁性的存在。一旦开关合上，大楼将会化为一片废墟。而""四·二八""的小红卫兵们正是拥有这种精神力量的。相比于已经在风雨中成熟的第一代红卫兵，新生的造反派们更加狂热。大楼的顶部出现了一个娇小的身影，那个美丽的女孩挥舞着一面""四·二八""的大旗。她的出现立刻引来了一阵杂乱的枪声，各种各样的武器被射击着，有陈旧的美式卡宾枪、捷克式机枪和三八大盖，也有新式的步枪和冲锋枪——后者是在""八月社论""发表后从军队中偷抢来的。还有一些冷兵器，如梭镖和大刀，构成了一部浓缩的近现代史。""四·二八""的人之前多次玩过这个游戏，在楼顶上站出来的人除了挥舞旗帜外，有时还会用喇叭喊口号或向下撒传单。每次他们都能在弹雨中全身而退，为自己赢得崇高的荣誉。",请注意，以上文本已按照刘慈欣的写作风格进行转换，语言本意保持不变。
48,她虽然不太明白那些文件上写的是啥，但能隐约感觉出这事儿跟国家的一项大工程有关。作为一个物理学家的女儿，叶文洁猜到可能是那个从1964年开始让全世界都震惊的中国的原子弹和氢弹项目。在那个时候，如果你想让一个高官落马，你得找到他手下各个部门的黑料。但是这个原子弹和氢弹项目对那些搞阴谋的人来说太难搞了，因为这个项目是国家特别保护的，连“文革”那会儿的乱七八糟都没怎么影响到它，他们想插一脚都难。,材料的内容她看不太懂，但隐约感觉到与一个重大国防工程有关。作为物理学家的女儿，叶文洁猜出了那就是从1964年开始震惊世界的中国两弹工程。在这个年代，要搞倒一个位置很高的人，就要在其分管的各个领域得到他的黑材料，但两弹工程对阴谋家们来说是个棘手的领域，这个工程处于中央的重点保护之下，得以避开“文革”的风雨，他们很难插手进去。,虽然叶文洁不太明白那些文件上写的是啥，但能隐约感觉出这事儿跟国家的一项大工程有关。作为一个物理学家的女儿，她猜到可能是那个从1964年开始让全世界都震惊的中国的原子弹和氢弹项目。在那个时候，如果你想让一个高官落马，你得找到他手下各个部门的黑料。但是这个原子弹和氢弹项目对那些搞阴谋的人来说太难搞了，因为这个项目是国家特别保护的，连“文革”那会儿的乱七八糟都没怎么影响到它，他们想插一脚都难。嗯嗯，呢，哦，嗯，了，呀，吗，吧，啊等语气词。对，在，着，不，那，和，中，但，到，有，像，上，也，从，人，都，这，就，被，后，说，很，把，您等单音节词语。他们，这个，已经，一个，自己，没有，可能，现在，我们，什么，知道，罗辑等多音节词语。不可思议，微不足道，小心翼翼，不知不觉，不动声色，黄金时代，面目全非，一模一样等成语。虽然叶文洁不太明白那些文件上写的是啥，但能隐约感觉出这事儿跟国家的一项大工程有关。作为一个物理学家的女儿，她猜到可能是那个从1964年开始让全世界都震惊的中国的原子弹和氢弹项目。在那个时候，如果你想让一个高官落马，你得找到他手下各个部门的黑料。但是这个原子弹和氢弹项目对那些搞阴谋的人来说太难搞了，因为这个项目是国家特别保护的，连“文革”那会儿的乱七八糟都没怎么影响到它，他们想插一脚都难。这种情绪可能通过赞美、推崇或表达满足感来体现。对于整散句这一块，该文本的散句使用更多。散句结构相对简短，呈现出更为灵活、自由的写作风格，适合表达抒情、富有感情色彩的内容。此外，文章还使用较多的夸张修辞：夸张通过夸大事物的特征或程度，引起读者的注意，强调某种情感或观点，有时用于幽默或夸张的效果。,中国，1967年。“红色联合”对“四·二八兵团”总部大楼的攻击已经持续了两天，他们的旗帜在大楼周围激动地飘舞着，就像渴望着火种的风筝。“红色联合”的指挥官焦虑不安，他并不害怕大楼的守卫者，那二百多名“四·二八”战士，他们比起诞生于1966年初、经历过大检阅和大串联的“红色联合”来说，显得稚嫩许多。他担心的是大楼中那十几个巨大的炸药炉，里面装满了烈性炸药，用电雷管连接起来，他看不见它们，但能感受到它们像磁石一样的吸引力，只要开关一合，就会玉石俱焚。而“四·二八”的那些小红卫兵们，他们有这种疯狂的精神力量。比起已经在风雨中成熟了许多的第一代红卫兵，新生的造反派们就像在火炭上的狼群，除了疯狂还是疯狂。大楼的屋顶上出现了一个娇小的身影，那个美丽的女孩子挥舞着一面“四·二八”的大旗，她的出现立刻引来了一阵混乱的枪声，射击的武器各种各样，有陈旧的美式卡宾枪、捷克式机枪和三八大盖，也有崭新的制式步枪和冲锋枪——后者是在“八月社论”发表之后从军队中偷抢来的——还包括那些梭镖和大刀等冷兵器，构成了一部浓缩的近现代史。“四·二八”的人在前面多次玩过这个游戏，在屋顶上站出来的人，除了挥舞旗帜外，有时还用喇叭筒喊口号或向下撒传单，每次他们都能在枪林弹雨中安然无恙，为自己赢得崇高的荣誉。,虽然她不太明白那些文件上写的是啥，但能隐约感觉出这事儿跟国家的一项大工程有关。作为一个物理学家的女儿，叶文洁猜到可能是那个从1964年开始让全世界都震惊的中国的原子弹和氢弹项目。在那个时候，如果你想让一个高官落马，你得找到他手下各个部门的黑料。但是这个原子弹和氢弹项目对那些搞阴谋的人来说太难搞了，因为这个项目是国家特别保护的，连“文革”那会儿的乱七八糟都没怎么影响到它，他们想插一脚都难。,她虽然不太明白那些文件上写的是啥，但能隐约感觉出这事儿跟国家的一项大工程有关。作为一个物理学家的女儿，叶文洁猜到可能是那个从1964年开始让全世界都震惊的中国的原子弹和氢弹项目。在那个时候，如果你想让一个高官落马，你得找到他手下各个部门的黑料。但是这个原子弹和氢弹项目对那些搞阴谋的人来说太难搞了，因为这个项目是国家特别保护的，连“文革”那会儿的乱七八糟都没怎么影响到它，他们想插一脚都难。,中国，1967年。“红色联合”对“四·二八兵团”总部大楼的攻击已持续了两天，他们的旗帜在大楼周围躁动地飘扬着，仿佛渴望干柴的火种。“红色联合”的指挥官心急如焚，他并不惧怕大楼的守卫者，那些二百多名“四·二八”战士，与诞生于1966年初、经历过大检阅和大串联的“红色联合”相比要稚嫩许多。他怕的是大楼中那十几个大铁炉子，里面塞满了烈性炸药，用电雷管串联起来，他看不到它们，但能感觉到它们磁石般的存在，开关一合，玉石俱焚，而“四·二八”的那些小红卫兵们是有这个精神力量的。比起已经在风雨中成熟了许多的第一代红卫兵，新生的造反派们像火炭上的狼群，除了疯狂还是疯狂。大楼顶上出现了一个娇小的身影，那个美丽的女孩子挥动着一面“四·二八”的大旗，她的出现立刻招来了一阵杂乱的枪声，射击的武器五花八门，有陈旧的美式卡宾枪、捷克式机枪和三八大盖，也有崭新的制式步枪和冲锋枪——后者是在“八月社论”发表之后从军队中偷抢来的——连同那些梭镖和大刀等冷兵器，构成了一部浓缩的近现代史……“四·二八”的人在前面多次玩过这个游戏，在楼顶上站出来的人，除了挥舞旗帜外，有时还用喇叭筒喊口号或向下撒传单，每次他们都能在弹雨中全身而退，为自己挣到崇高的荣誉。,她模糊地意识到，这些文件可能与我国一个重大工程有关，但具体是什么，她并不太清楚。作为一个物理学家的女儿，她敏锐地察觉到这可能与1964年开始的我国原子弹和氢弹项目有关。在那个时代，如果想让一个高官陷入困境，必须找到他手下的各个部门的黑暗往事。然而，这个原子弹和氢弹项目对于阴谋论者来说，太过复杂和难以接近。这个项目受到国家的高度保护，甚至文革时期的混乱都没有给它带来太大的影响，想要插手的人自然难以得逞。,她虽然不太明白那些文件上写的是什么，但能隐约感觉出这件事与国家的一项重大工程有关。作为一个物理学家的女儿，叶文洁猜测可能是那个从1964年开始让全世界都震惊的中国的原子弹和氢弹项目。在那个时候，如果你想让一个高官下台，你得找到他手下各个部门的黑料。但是这个原子弹和氢弹项目对那些搞阴谋的人来说太难搞了，因为这个项目是国家特别保护的，连“文革”那会儿的乱七八糟都没怎么影响到它，他们想插一脚都难。,尽管她对那些文件上的内容不太了解，但她能隐约感觉到这件事与国家的一项重大工程有关。作为一位物理学家的女儿，叶文洁猜测这可能与中国在1964年开始的原子弹和氢弹项目有关，这个项目曾经震惊全世界。在那个时候，如果你想让一个高官下台，你必须找到他手下各个部门的黑料。然而，这个原子弹和氢弹项目对那些策划阴谋的人来说太难搞了，因为这个项目是国家特别保护的，即使在“文革”期间的混乱也没有对其产生太大影响，他们想要插手都很困难。,尽管她对那些文件上的内容并不完全理解，但她能模糊地感受到这件事与国家的一项重大工程有关。作为一位物理学家的女儿，叶文洁猜测这可能与中国自1964年开始的原子弹和氢弹项目有关，这个项目曾震惊全世界。在那个时代，如果你想让一个高级官员下台，你必须找到他手下各个部门的黑暗秘密。然而，这个原子弹和氢弹项目对于那些策划阴谋的人来说太过困难，因为这个项目受到国家的特殊保护，即使是“文化大革命”期间的混乱也几乎没有对其产生影响，他们想要插手都难以实现。
15,这本书本来看起来挺普通的，就讲述了滥用杀虫剂对环境的坏影响。但是作者蕾切尔·卡逊的写法让叶文洁特别震惊。她以前觉得用杀虫剂是很正常的事情，至少没什么坏处。但是这本书让她意识到，如果从大自然的角度来看，这种做法其实跟文化大革命一样，对我们的世界造成了很大的伤害。,这本来应该是一本很普通的书，主题并不广阔，只是描述杀虫剂的滥用对环境造成的危害，但作者的视角对叶文洁产生了巨大的震撼：蕾切尔·卡逊所描写的人类行为——使用杀虫剂，在文洁看来只是一项正当和正常的、至少是中性的行为；而本书让她看到，从整个大自然的视角看，这个行为与“文化大革命”是没有区别的，对我们的世界产生的损害同样严重。,这本书原本看起来挺普通的，就讲述了滥用杀虫剂对环境的坏影响。但是作者蕾切尔·卡逊的写法让叶文洁特别震惊。她以前觉得用杀虫剂是很正常的事情，至少没什么坏处。但是这本书让她意识到，如果从大自然的角度来看，这种做法其实跟文化大革命一样，对我们的世界造成了很大的伤害。在这篇文章中，作者使用了大量的动词和名词，如“滥用”、“杀虫剂”、“环境”、“影响”等，以及一些限定词和介词，如“对”、“的”、“在”等。同时，文章中还经常使用了一些语气词，如“嗯”、“哦”、“啊”等。在词语的音节方面，文章主要使用了单音节的词语，如“对”、“在”、“着”、“不”、“那”、“和”、“中”、“但”、“到”、“有”、“像”、“上”、“也”、“从”、“人”、“都”、“这”、“就”、“被”、“后”、“说”、“很”、“把”、“您”等。同时，文章中还经常使用了多音节的词语，如“他们”、“这个”、“已经”、“一个”、“自己”、“没有”、“可能”、“现在”、“我们”、“什么”、“知道”、“罗辑”等。在成语的使用上，文章主要使用了“不可思议”、“微不足道”、“小心翼翼”、“不知不觉”、“不动声色”、“黄金时代”、“面目全非”、“一模一样”等成语。在句子的方面，文章的平均句长为32，且作者的文章中长句较多，内涵丰富，叙事具体，说理周详，感情充沛。大体看来，作者的作品主题情感基调主要是“好”。文章可能会描述一种积极向上的情感状态，表达对某人、某事或某物的喜爱和满意。这种情绪可能通过赞美、推崇或表达满足感来体现。对于整散句这一块，文本的散句使用更多。散句结构相对简短，呈现出更为灵活、自由的写作风格，适合表达抒情、富有感情色彩的内容。此外，文章还使用较多的夸张修辞：夸张通过夸大事物的特征或程度，引起读者的注意，强调某种情感或观点，有时用于幽默或夸张的效果。,这本书本来看起来挺普通的，就讲述了滥用杀虫剂对环境的坏影响。但是作者蕾切尔·卡逊的写法让叶文洁特别震惊。她以前觉得用杀虫剂是很正常的事情，至少没什么坏处。但是这本书让她意识到，如果从大自然的角度来看，这种做法其实跟文化大革命一样，对我们的世界造成了很大的伤害。,这本书原本看起来挺普通的，就讲述了滥用杀虫剂对环境的坏影响。但是作者蕾切尔·卡逊的写法让叶文洁特别震惊。她以前觉得用杀虫剂是很正常的事情，至少没什么坏处。但是这本书让她意识到，如果从大自然的角度来看，这种做法其实跟文化大革命一样，对我们的世界造成了很大的伤害。,这本书原本看起来并不特别，只是讲述了滥用杀虫剂对环境的危害。但是，作者蕾切尔·卡逊的写作风格却让叶文洁深受震撼。她过去认为使用杀虫剂没什么大不了的，甚至觉得这是一种普遍现象。然而，这本书使她意识到，从大自然的角度来看，这种行为其实就像文化大革命一样，给我们的世界带来了极大的伤害。,中国，1967年。“红色联合”对“四·二八兵团”总部大楼的攻击已持续了两天，他们的旗帜在大楼周围躁动地飘扬着，仿佛渴望干柴的火种。“红色联合”的指挥官心急如焚，他并不惧怕大楼的守卫者，那些二百多名“四·二八”战士，与诞生于1966年初、经历过大检阅和大串联的“红色联合”相比要稚嫩许多。他怕的是大楼中那十几个大铁炉子，里面塞满了烈性炸药，用电雷管串联起来，他看不到它们，但能感觉到它们磁石般的存在，开关一合，玉石俱焚，而“四·二八”的那些小红卫兵们是有这个精神力量的。比起已经在风雨中成熟了许多的第一代红卫兵，新生的造反派们像火炭上的狼群，除了疯狂还是疯狂。大楼顶上出现了一个娇小的身影，那个美丽的女孩子挥动着一面“四·二八”的大旗，她的出现立刻招来了一阵杂乱的枪声，射击的武器五花八门，有陈旧的美式卡宾枪、捷克式机枪和三八大盖，也有崭新的制式步枪和冲锋枪——后者是在“八月社论”发表之后从军队中偷抢来的——连同那些梭镖和大刀等冷兵器，构成了一部浓缩的近现代史……“四·二八”的人在前面多次玩过这个游戏，在楼顶上站出来的人，除了挥舞旗帜外，有时还用喇叭筒喊口号或向下撒传单，每次他们都能在弹雨中全身而退，为自己挣到崇高的荣誉。,这本书原本看起来并不特别，只是讲述了一些滥用杀虫剂对环境造成的危害。然而，作者蕾切尔·卡逊的写作手法却让叶文洁感到震撼。她过去认为使用杀虫剂是天经地义的事情，几乎没有什么负面影响。但这本书使她意识到，从自然的角度来看，这种行为实际上与文化大革命并无二致，给我们的世界带来了深重的伤害。,这本书真是太棒了！它不仅仅是讲述了滥用杀虫剂对环境的坏影响，而且作者蕾切尔·卡逊的写作方式真是让我大开眼界。以前我一直认为使用杀虫剂是再正常不过的事情了，甚至觉得没有什么坏处。但是这本书让我意识到，从大自然的角度来看，这种做法实际上就像是文化大革命一样，给我们的世界造成了巨大的伤害。,这本书原本看起来很普通，只是讲述了滥用杀虫剂对环境造成的不良影响。然而，作者蕾切尔·卡逊的写作方式让叶文洁感到非常震惊。她以前认为使用杀虫剂是很正常的事情，至少没有什么坏处。但是这本书让她意识到，从大自然的角度来看，这种做法实际上与文化大革命一样，对我们的世界造成了巨大的伤害。,这本书看起来很普通，只是讲述了滥用杀虫剂对环境的不良影响。然而，作者蕾切尔·卡逊的写作方式让叶文洁感到震惊。以前，她认为使用杀虫剂是很正常的事情，至少没有什么坏处。然而，这本书让她意识到，从大自然的角度来看，这种做法实际上与文化大革命一样，给我们的世界造成了巨大的伤害。
27,她不想也没法再说什么关于现实的事了。房间里变得很安静，只听得到笔尖在纸上划过的声音。文洁能闻到旁边记者身上的木屑味，自从她爸爸去世以后，她第一次感到了一点温暖，身体也放松了，对这个世界的警惕暂时放下了。写了一个多小时，信终于写完了，她照着白沐霖给的地址和收件人把信封也写好。文洁站起来准备走，到门口的时候，她转过头说：“把你的外套给我，我帮你洗洗。”,对于现实，她什么都不想说，也没什么可说的了。屋里安静下来，只有钢笔尖在纸上划动的沙沙声。文洁能闻到身边记者身上松木锯末的味道，自父亲惨死后，她第一次有一种温暖的感觉，第一次全身心松弛下来，暂时放松了对周围世界的戒心。一个多小时后，信抄完了，又按白沐霖说的地址和收信人写好了信封，文洁起身告辞，走到门口时，她回头说：“把你的外衣拿来，我帮你洗洗吧。,她不想也没法再说什么关于现实的事了。房间里变得很安静，只听得到笔尖在纸上划过的声音。文洁能闻到旁边记者身上的木屑味，自从她爸爸去世以后，她第一次感到了一点温暖，身体也放松了，对这个世界的警惕暂时放下了。写了一个多小时，信终于写完了，她照着白沐霖给的地址和收件人把信封也写好。文洁站起来准备走，到门口的时候，她转过头说：“把你的外套给我，我帮你洗洗。”,中国，1967年。“红色联合”对“四·二八兵团”总部大楼的攻击已经持续了两天，他们的旗帜在大楼周围激动地飘舞着，就像渴望点燃的火花。“红色联合”的指挥官感到焦虑不安，他并不害怕大楼的守卫者，那二百多名“四·二八”战士，与诞生于1966年初、经历过大检阅和大串联的“红色联合”相比，他们显得稚嫩许多。他担心的是大楼中那十几个巨大的铁炉子，里面装满了烈性炸药，用电雷管连接起来，他看不见它们，但能感受到它们像磁石一样的吸引力，只要开关一合，就会引发毁灭性的爆炸，而“四·二八”的那些小红卫兵们拥有这种精神力量。比起已经在风雨中成熟了许多的第一代红卫兵，新生的造反派们就像火炭上的狼群，他们的疯狂程度无法用言语形容。大楼的屋顶上出现了一个娇小的身影，那个美丽的女孩子挥舞着一面“四·二八”的大旗，她的出现立刻引发了一阵混乱的枪声，射击的武器各种各样，有陈旧的美式卡宾枪、捷克式机枪和三八大盖，也有崭新的制式步枪和冲锋枪——后者是在“八月社论”发表之后从军队中偷抢来的——还包括那些梭镖和大刀等冷兵器，这些武器构成了一部浓缩的近现代史……“四·二八”的人在前面多次玩过这个游戏，在屋顶上站出来的人，除了挥舞旗帜外，有时还用喇叭筒喊口号或向下撒传单，每次他们都能在枪林弹雨中安然无恙，为自己赢得崇高的荣誉。,她不想也没法再说什么关于现实的事了。房间里变得很安静，只听得到笔尖在纸上划过的声音。文洁能闻到旁边记者身上的木屑味，自从她爸爸去世以后，她第一次感到了一点温暖，身体也放松了，对这个世界的警惕暂时放下了。写了一个多小时，信终于写完了，她照着白沐霖给的地址和收件人把信封也写好。文洁站起来准备走，到门口的时候，她转过头说：“把你的外套给我，我帮你洗洗。”,她不再关心现实的事情，房间变得异常安静，只能听到笔尖在纸上轻轻划过的声音。文洁能够闻到旁边记者身上的木屑味，这是自从她父亲去世后，她第一次感受到的温暖。她暂时放松了对世界的警惕，对这个世界的看法也变得积极起来。写了一个多小时后，文洁站起来准备离开，走到门口时，她转过头说：“把你的外套给我，我帮你洗洗。”,中国，1967年。“红色联合”对“四·二八兵团”总部大楼的攻击已持续了两日，他们的旗帜在大楼周围狂舞着，似乎在渴望燃起熊熊的火焰。“红色联合”的指挥官心急如焚，他并不惧怕大楼的守卫者，那些二百多名“四·二八”战士，与出生于1966年初、经历过大检阅和大串联的“红色联合”相比显得稚嫩。他怕的是大楼中那十几个大铁炉子，里面装满了烈性炸药，用电雷管串联起来，他看不到它们，但能感受到它们磁石般的存在，开关一合，玉石俱焚，而“四·二八”的战士们有着这种精神力量。比第一代红卫兵更加成熟的第一代造反派们像狼群一般疯狂，除了疯狂还是疯狂。大楼顶上出现了一个娇小的身影，那个美丽的女孩子挥动着一面“四·二八”的大旗，她的出现立刻引起了枪声，射击的武器种类繁多，有陈旧的美式卡宾枪、捷克式机枪和三八大盖，也有崭新的制式步枪和冲锋枪——后者是在“八月社论”发表之后从军队中偷抢来的——连同那些梭镖和大刀等冷兵器，构成了一幅浓缩的近现代史……“四·二八”人们在楼顶上站出来，除了挥舞旗帜外，有时还用喇叭筒喊口号或向下撒传单，每次他们都能在弹雨中全身而退，为自己赢得了崇高的荣誉。,文洁能闻到旁边记者身上的木屑味，自从她爸爸去世以后，她第一次感到了一点温暖，身体也放松了，对这个世界的警惕暂时放下了。写了一个多小时，信终于写完了，她照着白沐霖给的地址和收件人把信封也写好。文洁站起来准备走，到门口的时候，她转过头说：“把你的外套给我，我帮你洗洗。”,她不想也没法再说什么关于现实的事了。房间里变得非常安静，只能听到笔尖在纸上划过的声音。文洁能闻到旁边记者身上的木屑味，自从她爸爸去世以后，她第一次感到了一点温暖，身体也放松了，对这个世界的警惕暂时放下了。写了一个多小时，信终于写完了，她按照白沐霖给的地址和收件人把信封也写好。文洁站起来准备走，到门口的时候，她转过头说：“把你的外套给我，我帮你洗洗。”,她再也无法说出任何关于现实的事情了。房间里变得异常安静，只能听到笔尖在纸上划过的声音。文洁能够闻到旁边记者身上的木屑味道，自从她爸爸去世以后，她第一次感到了一丝温暖，身体也放松下来，暂时放下了对这个世界的警惕。她写了一个多小时，终于完成了信件，按照白沐霖给的地址和收件人写好了信封。文洁站起来准备离开，到门口时，她转过头说：“把你的外套给我，我帮你洗洗。”,她不再愿意也无法再谈论现实的事情了。房间里变得异常寂静，只能听到笔尖在纸上划过的声音。文洁能够嗅到旁边记者身上的木屑味，自从她父亲去世以后，她第一次感到了一丝温暖，身体也得到了放松，对这个世界的警觉暂时放下了。她写了一个多小时，终于完成了信件，按照白沐霖提供的地址和收件人写好了信封。文洁站起身准备离开，到了门口，她转过头说：“把你的外套给我，我帮你洗洗。”
5,叶文洁正要看着那堆整齐的落叶松被拖拉机拉走，她走到一棵刚被砍下的树旁，不由自主地摸了摸那光滑的锯口。她总是这样，好像能感觉到树木被砍时的疼痛。就在这时，她注意到不远处有个人也在轻抚着另一棵树的断面，那个人的手抖得厉害，好像和叶文洁有着同样的感受。,整理好的落叶松就要被履带拖拉机拖走了，在树干另一头，叶文洁轻轻抚摸了一下那崭新的锯断面，她常常下意识地这么做，总觉得那是一处巨大的伤口，似乎能感到大树的剧痛。她突然看到，在不远处树桩的锯断面上，也有一只在轻轻抚摸的手，那手传达出的心灵的颤抖，与她产生了共振。,叶文洁正要看着那堆整齐的落叶松被拖拉机拉走，她走到一棵刚被砍下的树旁，情不自禁地摸了摸那光滑的锯口。她总是这样，好像能感觉到树木被砍时的疼痛。就在这时，她注意到不远处有个人也在轻抚着另一棵树的断面，那个人的手抖得厉害，好像和叶文洁有着同样的感受。,中国，1967年。“红色联合”对“四·二八兵团”总部大楼的攻击已经持续了两天，他们的旗帜在大楼周围激动地飘舞着，仿佛渴望着点燃熊熊烈火的火种。“红色联合”的指挥官心急如焚，他并不惧怕大楼的守卫者，那二百多名“四·二八”战士，他们相较于诞生于1966年初、经历过大检阅和大串联的“红色联合”来说要稚嫩许多。他怕的是大楼中那十几个巨大的铁炉子，里面塞满了烈性炸药，用电雷管串联起来，他看不到它们，但能感觉到它们如同磁石般的存在，只要开关一合，就会玉石俱焚，而“四·二八”的那些小红卫兵们是有这个精神力量的。比起已经在风雨中成熟了许多的第一代红卫兵，新生的造反派们如同火炭上的狼群，除了疯狂还是疯狂。大楼顶上出现了一个娇小的身影，那个美丽的女孩子挥舞着一面“四·二八”的大旗，她的出现立刻引来了一阵杂乱的枪声，射击的武器五花八门，有陈旧的美式卡宾枪、捷克式机枪和三八大盖，也有崭新的制式步枪和冲锋枪——后者是在“八月社论”发表之后从军队中偷抢来的——连同那些梭镖和大刀等冷兵器，构成了一部浓缩的近现代史……“四·二八”的人在前面多次玩过这个游戏，在楼顶上站出来的人，除了挥舞旗帜外，有时还用喇叭筒喊口号或向下撒传单，每次他们都能在弹雨中全身而退，为自己挣到崇高的荣誉。,叶文洁正看着那堆整齐的落叶松被拖拉机拉走，她走到一棵刚被砍下的树旁，情不自禁地摸了摸那光滑的锯口。她总是这样，仿佛能感受到树木被砍时的疼痛。就在这时，她注意到不远处有个人也在轻抚着另一棵树的断面，那个人的手抖得厉害，好像和她有着同样的感受。,叶文洁正要看着那堆整齐的落叶松被拖拉机拉走，她走到一棵刚被砍下的树旁，不由自主地摸了摸那光滑的锯口。她总是这样，好像能感受到树木被砍时的疼痛。就在这时，她注意到不远处有个人也在轻抚着另一棵树的断面，那个人的手抖得厉害，好像和叶文洁有着同样的感受。那个人的手抖得厉害，好像和叶文洁有着同样的感受。,中国，1967年。“红色联合”对“四·二八兵团”总部大楼的攻击已持续了两日，他们的旗帜在大楼周围飘荡，犹如渴望燃烧的火种。“红色联合”的指挥官心急如焚，他并不惧怕大楼的守卫者，那些二百多名“四·二八”战士，与诞生于1966年初、经历过大检阅和大串联的“红色联合”相比要稚嫩许多。他怕的是大楼中那十几个大铁炉子，里面塞满了烈性炸药，用电雷管串联起来，他看不到它们，但能感受到它们磁石般的存在，开关一合，玉石俱焚，而“四·二八”的那些小红卫兵们是有这个精神力量的。比起已经在风雨中成熟了许多的第一代红卫兵，新生的造反派们像火炭上的狼群，除了疯狂还是疯狂。大楼顶上出现了一个娇小的身影，那个美丽的女孩子挥动着一面“四·二八”的大旗，她的出现立刻招来了一阵杂乱的枪声，射击的武器五花八门，有陈旧的美式卡宾枪、捷克式机枪和三八大盖，也有崭新的制式步枪和冲锋枪——后者是在“八月社论”发表之后从军队中偷抢来的——连同那些梭镖和大刀等冷兵器，构成了一部浓缩的近现代史……“四·二八”人们在前面多次玩过这个游戏，在楼顶上站出来的人，除了挥舞旗帜外，有时还用喇叭筒喊口号或向下撒传单，每次他们都能在弹雨中全身而退，为自己挣到崇高的荣誉。,叶文洁站在被拖拉机拉走的落叶松旁，目光注视着那些齐整的树干。她不由自主地抚摸着刚刚被砍下的树的锯口，心中涌现出的情感如同被砍下的树木一般痛苦。就在此时，她的目光落在了不远处另一个人的身上，那个人也在轻抚着另一棵断口的树，他的手在颤抖，似乎与叶文洁有着相同的感受。,叶文洁正在凝视着那一堆整齐的落叶松被拖拉机拉走，她走到一棵刚被砍下的树旁，不由自主地抚摸了一下那光滑的锯口。她总是这样，仿佛能感受到树木被砍伐时的痛楚。就在这时，她留意到不远处有一个人也在轻轻抚摸着另一棵树的断面，那个人的手颤抖得很厉害，仿佛与叶文洁有着相同的感受。,1967年，中国。攻击“四·二八兵团”总部大楼的“红色联合”已经进行了两天。他们的旗帜在大楼周围飘扬，仿佛渴望着火焰的燃烧。指挥官焦急不安，他并不害怕大楼的守卫者，那些“四·二八”战士相比于经历过大检阅和大串联的“红色联合”来说还年轻稚嫩。他担心的是大楼内的十几个大铁炉子，里面装满了烈性炸药，用电雷管串联起来。他看不见它们，但能感受到它们磁石般的存在。一旦开关合上，一切都会化为乌有。而“四·二八”的小红卫兵们正是拥有这种精神力量的。相较于已经在风雨中成熟的第一代红卫兵，新生的造反派们犹如狼群中的火焰，除了疯狂还是疯狂。大楼顶上出现了一个娇小的身影，那个美丽的女孩挥舞着“四·二八”的大旗。她的出现立刻引来了一阵杂乱的枪声，各种各样的武器被射击，有陈旧的美式卡宾枪、捷克式机枪和三八大盖，也有崭新的制式步枪和冲锋枪——后者是在“八月社论”发表之后从军队中偷抢来的——还有一些冷兵器，如梭镖和大刀，构成了一部浓缩的近现代史……“四·二八”的人已经多次在楼顶上玩过这个游戏。除了挥舞旗帜外，他们有时还会用喇叭喊口号或向下撒传单。每次他们都能在弹雨中全身而退，为自己赢得崇高的荣誉。,叶文洁注视着那一堆整齐的落叶松被拖拉机无情地拉走，她走到一棵新被砍下的树旁，不由自主地触摸着那光滑的锯口。她总是这样，仿佛能感受到树木被砍伐时的痛楚。就在这时，她注意到不远处有个人也在轻抚着另一棵树的断面，那个人的手颤抖得厉害，仿佛与叶文洁有着相同的感受。
50,我没注意到爸爸和那些人之间的对话。我把文件放回去，小声说：“我真的不知道这些。”“怎么可能不知道？很多谈话都是在你家里发生的，你妹妹都知道，你怎么会不知道？”,材料的末尾是妹妹那大大的签名，而叶文洁是要作为附加证人签名的，她注意到，那个位置已经有三个人签了名。“我不知道父亲和这些人说的这些话。”叶文洁把材料放回原位，低声说。“怎么会不知道呢？这其中许多的谈话都是在你家里进行的，你妹妹都知道你就不知道？”“我真的不知道。,我没注意到爸爸和那些人之间的对话。我把文件放回去，小声说：“我真的不知道这些。”“怎么可能不知道？很多谈话都是在你家里发生的，你妹妹都知道，你怎么会不知道？”,中国，1967年。“红色联合”对“四·二八兵团”总部大楼的攻击已持续了两天，他们的旗帜在大楼周围躁动地飘扬着，仿佛渴望干柴的火种。“红色联合”的指挥官心急如焚，他并不惧怕大楼的守卫者，那二百多名“四·二八”战士，与诞生于1966年初、经历过大检阅和大串联的“红色联合”相比要稚嫩许多。他怕的是大楼中那十几个大铁炉子，里面塞满了烈性炸药，用电雷管串联起来，他看不到它们，但能感觉到它们磁石般的存在，开关一合，玉石俱焚，而“四·二八”的那些小红卫兵们是有这个精神力量的。比起已经在风雨中成熟了许多的第一代红卫兵，新生的造反派们像火炭上的狼群，除了疯狂还是疯狂。大楼顶上出现了一个娇小的身影，那个美丽的女孩子挥动着一面“四·二八”的大旗，她的出现立刻招来了一阵杂乱的枪声，射击的武器五花八门，有陈旧的美式卡宾枪、捷克式机枪和三八大盖，也有崭新的制式步枪和冲锋枪——后者是在“八月社论”发表之后从军队中偷抢来的——连同那些梭镖和大刀等冷兵器，构成了一部浓缩的近现代史……“四·二八”的人在前面多次玩过这个游戏，在楼顶上站出来的人，除了挥舞旗帜外，有时还用喇叭筒喊口号或向下撒传单，每次他们都能在弹雨中全身而退，为自己挣到崇高的荣誉。,“我并未留意父亲与那些人之间的对话。我将文件放回原处，低声说：‘我确实不知道这些。’‘怎么可能不知道？许多谈话都在你家里进行，你的妹妹都知道，你怎么会不知道？’”,我没有留意爸爸和其他人之间的对话。把文件放回原处，我小声说：“我真的不知道这些。”“怎么可能不知道？很多谈话都在你家里发生，你妹妹都知道，你怎么会不知道？”,中国，1967年。“红色联合”对“四·二八兵团”总部大楼的攻击已持续了两日，他们的旗帜在大楼周围飘荡，犹如渴望燃尽的火种。“红色联合”的指挥官心急如焚，他并不惧怕大楼的守卫者，那些稚嫩的“四·二八”战士。他怕的是大楼内那十几个大铁炉子，里面装满了烈性炸药，用电雷管串联，他看不到它们，但能感受到它们磁石般的存在。开关一合，玉石俱焚，而“四·二八”的小红卫兵们有着这种精神力量。比第一代红卫兵更加成熟的第一代造反派们，像火炭上的狼群，除了疯狂还是疯狂。大楼顶上出现了一个娇小的身影，那个美丽的女孩子挥动着一面“四·二八”的大旗，她的出现立刻引起了枪声，射击的武器种类繁多，既有陈旧的美式卡宾枪、捷克式机枪和三八大盖，也有崭新的制式步枪和冲锋枪——后者是在“八月社论”发表之后从军队中偷抢来的，连同那些梭镖和大刀等冷兵器，构成了一部浓缩的近现代史……“四·二八”的人在前多次尝试这个游戏，在楼顶上站出来的人，除了挥舞旗帜外，有时还用喇叭筒喊口号或向下撒传单，每次他们都能在弹雨中全身而退，为自己赢得了崇高的荣誉。,“我注意到爸爸和那些人之间的对话，却并未留意。” “把文件放回去后，我小声自语道：‘我真的不知道这些。’” “‘怎么可能不知道？’我心中暗自惊讶，许多谈话都在你家里发生，你妹妹都知道，你怎么会不知道？”,我没有留意到爸爸和那些人之间的对话。我把文件放回去，小声说：“我真的不知道这些。”“怎么可能不知道？很多谈话都是在你家里发生的，你妹妹都知道，你怎么会不知道？”,文化大革命期间，红色联合对四·二八兵团总部大楼进行了长达两天的攻击。红色联合的旗帜在大楼周围飘扬，仿佛渴望着火种。红色联合的指挥官并不害怕大楼的守卫者，他们与刚刚成立不久的红色联合相比要年轻稚嫩得多。他们害怕的是大楼中的十几个大铁炉子，里面装满了烈性炸药，用电雷管串联起来。虽然他们看不到这些炸药，但能感觉到它们的存在，一旦开关合上，就会引发爆炸。而四·二八的红卫兵们正是拥有这种精神力量的。与第一代红卫兵相比，新生的造反派们更加疯狂。在大楼顶上出现了一个娇小的女孩，她挥舞着四·二八的旗帜。她的出现立刻引来了一阵杂乱的枪声，各种各样的武器被射击，有陈旧的美式卡宾枪、捷克式机枪和三八大盖，也有新式的步枪和冲锋枪。这些武器连同冷兵器如梭镖和大刀，构成了一部浓缩的近现代史。四·二八的人在之前多次进行过这样的游戏，站在楼顶上的人除了挥舞旗帜外，有时还会用喇叭喊口号或向下撒传单。每次他们都能在弹雨中全身而退，为自己赢得了崇高的荣誉。,我没有留意爸爸和那些人之间的对话。我将文件放回原处，轻声说道：“我实在是不了解这些。”“怎么可能不了解？这么多谈话都是在你家里发生的，你妹妹都知道，你怎么会不知道？”
17,叶文洁深信，要改变世界，得需要超乎常人的力量。这个念头彻底改变了她的人生方向。四天后，她去图书馆还书。白沐霖就住在部队唯一的客房里。叶文洁推门进去，看到他躺在床上，浑身是泥巴和木屑，显得很累。他看到叶文洁来了，连忙坐起来。叶文洁问他：“今天也去干活了吗？”白沐霖回答：“在这儿待了这么久，总不能什么都不干，光转悠吧。得参与到劳动中去，这是我们的原则嘛。”,要做到这一点，只有借助于人类之外的力量。这个想法最终决定了叶文洁的一生。四天后，叶文洁去还书。白沐霖住在连队唯一的一间招待房里，文洁推开门，见他疲惫地躺在床上，一身泥水和木屑，见到文洁，他赶紧起身。“今天干活儿了？”文洁问。“下连队这么长时间了，不能总是甩手到处转，劳动得参加，三结合嘛。,叶文洁深信，要改变世界，需要强大的力量。这个想法彻底改变了她的人生方向。四天后，她去图书馆还书。白沐霖就住在部队唯一的客房里。叶文洁推门进去，看到他躺在床上，浑身沾满泥巴和木屑，显得疲惫不堪。他看到叶文洁来了，连忙坐起身。叶文洁问他：“今天也去干活了吗？”白沐霖回答：“在这里待了这么久，总不能什么都不做，光闲逛吧。得参与到劳动中去，这是我们的原则。”,中国，1967年。“红色联合”对“四·二八兵团”总部大楼的攻击已经持续了两天，他们的旗帜在大楼周围激动地飘舞着，仿佛渴望着点燃熊熊烈火的火种。“红色联合”的指挥官心急如焚，他并不害怕大楼的守卫者，那二百多名“四·二八”战士，他们相较于诞生于1966年初、经历过大检阅和大串联的“红色联合”来说，显得稚嫩许多。他害怕的是大楼中那十几个巨大的铁炉子，里面塞满了烈性炸药，用电雷管串联起来，他无法看到它们，但他能感觉到它们如同磁石般的存在，只要开关一合，就会玉石俱焚。而“四·二八”的那些小红卫兵们，他们拥有这种精神力量。比起已经在风雨中成熟了许多的第一代红卫兵，新生的造反派们如同火炭上的狼群，除了疯狂还是疯狂。大楼的顶部出现了一个娇小的身影，那个美丽的女孩子挥舞着一面“四·二八”的大旗，她的出现立刻引来了一阵杂乱的枪声，射击的武器五花八门，有陈旧的美式卡宾枪、捷克式机枪和三八大盖，也有崭新的制式步枪和冲锋枪——后者是在“八月社论”发表之后从军队中偷抢来的——连同那些梭镖和大刀等冷兵器，构成了一部浓缩的近现代史。“四·二八”的人在前面多次玩过这个游戏，在楼顶上站出来的人，除了挥舞旗帜外，有时还用喇叭筒喊口号或向下撒传单，每次他们都能在弹雨中全身而退，为自己赢得崇高的荣誉。,叶文洁深信，要改变世界，得需要超乎常人的力量。这个念头彻底改变了她的人生方向。四天后，她去图书馆还书。白沐霖就住在部队唯一的客房里。叶文洁推门进去，看到他躺在床上，浑身是泥巴和木屑，显得很累。他看到叶文洁来了，连忙坐起来。叶文洁问他：“今天也去干活了吗？”白沐霖回答：“在这儿待了这么久，总不能什么都不干，光转悠吧。得参与到劳动中去，这是我们的原则嘛。”,叶文洁深信，要改变世界，得需要超乎常人的力量。这个念头彻底改变了她的人生方向。四天后，她去图书馆还书。白沐霖就住在部队唯一的客房里。叶文洁推门进去，看到他躺在床上，浑身是泥巴和木屑，显得很累。他看到叶文洁来了，连忙坐起来。叶文洁问他：“今天也去干活了吗？”白沐霖回答：“在这儿待了这么久，总不能什么都不干，光转悠吧。得参与到劳动中去，这是我们的原则嘛。”,中国，1967年。“红色联合”对“四·二八兵团”总部大楼的攻击已持续了两天，他们的旗帜在大楼周围躁动地飘扬着，仿佛渴望干柴的火种。“红色联合”的指挥官心急如焚，他并不惧怕大楼的守卫者，那二百多名“四·二八”战士，与诞生于1966年初、经历过大检阅和大串联的“红色联合”相比要稚嫩许多。他怕的是大楼中那十几个大铁炉子，里面塞满了烈性炸药，用电雷管串联起来，他看不到它们，但能感觉到它们磁石般的存在，开关一合，玉石俱焚，而“四·二八”的那些小红卫兵们是有这个精神力量的。比起已经在风雨中成熟了许多的第一代红卫兵，新生的造反派们像火炭上的狼群，除了疯狂还是疯狂。大楼顶上出现了一个娇小的身影，那个美丽的女孩子挥动着一面“四·二八”的大旗，她的出现立刻招来了一阵杂乱的枪声，射击的武器五花八门，有陈旧的美式卡宾枪、捷克式机枪和三八大盖，也有崭新的制式步枪和冲锋枪——后者是在“八月社论”发表之后从军队中偷抢来的——连同那些梭镖和大刀等冷兵器，构成了一部浓缩的近现代史……“四·二八”的人在前面多次玩过这个游戏，在楼顶上站出来的人，除了挥舞旗帜外，有时还用喇叭筒喊口号或向下撒传单，每次他们都能在弹雨中全身而退，为自己挣到崇高的荣誉。,叶文洁深信，要改变世界，得需要超乎常人的力量。这个念头彻底改变了她的人生方向。四天后，她去图书馆还书。白沐霖就住在部队唯一的客房里。叶文洁推门进去，看到他躺在床上，浑身是泥巴和木屑，显得很累。他看到叶文洁来了，连忙坐起来。叶文洁问他：“今天也去干活了吗？”白沐霖回答：“在这儿待了这么久，总不能什么都不干，光转悠吧。得参与到劳动中去，这是我们的原则嘛。”,叶文洁深信，要改变世界，必须拥有非凡的力量。这个念头彻底改变了她的人生方向。四天后，她前往图书馆归还书籍。白沐霖就住在部队唯一的客房里。叶文洁推开门，看到他躺在床上，浑身沾满了泥巴和木屑，显得非常疲惫。他一见到叶文洁来了，立刻坐了起来。叶文洁询问道：“今天你也去工作了吗？”白沐霖回答道：“在这里待了这么久，不能什么都不做，只是闲逛。我们的原则是要参与到劳动中去。”,1967年，中国。攻击“四·二八兵团”总部大楼的“红色联合”已经进行了两天。他们的旗帜在大楼周围飘扬，仿佛渴望着火焰的燃烧。指挥官焦急不安，他并不害怕大楼的守卫者，那些“四·二八”战士相比于经历过大检阅和大串联的“红色联合”来说还年轻稚嫩。他担心的是大楼内的十几个大铁炉子，里面装满了烈性炸药，通过电雷管串联起来。他看不见它们，但能感受到它们磁性的存在。一旦开关合上，一切都会化为乌有。而“四·二八”的小红卫兵们正是凭借这种精神力量而存在。相较于已经在风雨中成熟的第一代红卫兵，新生的造反派们更像是疯狂的狼群，除了疯狂还是疯狂。大楼顶上出现了一个娇小的身影，那个美丽的女孩挥舞着“四·二八”的大旗。她的出现立刻引来了一阵杂乱的枪声，各种各样的武器被射击着，有陈旧的美式卡宾枪、捷克式机枪和三八大盖，也有崭新的制式步枪和冲锋枪——后者是在“八月社论”发表之后从军队中偷抢来的——连同那些梭镖和大刀等冷兵器，构成了一部浓缩的近现代史……“四·二八”的人在前面多次玩过这个游戏，在楼顶上站出来的人，除了挥舞旗帜外，有时还用喇叭筒喊口号或向下撒传单，每次他们都能在弹雨中全身而退，为自己赢得了崇高的荣誉。,叶文洁深信，要改变世界，必须拥有超越常人的力量。这个念头彻底改变了她的人生轨迹。四天后，她前往图书馆归还书籍。白沐霖寄宿在部队唯一的客房里。叶文洁推开门，见他躺在床上，浑身沾满泥巴和木屑，显得疲惫不堪。他一见到叶文洁，急忙坐起身来。叶文洁询问道：“今天你也去工作了吗？”白沐霖回答：“在这里逗留这么久，不能无所事事，只是闲逛。我们必须参与劳动，这是我们的原则嘛。”
31,"""叶文洁，这位是来自政治部的张主任，他来调查一些事情，""指导员边说边指向那位陌生人，""请你配合一下，记得说真话哦。""张主任问道，一边从信封里拿出一封信。叶文洁想要接过来看，但张主任并没有递给她，而是自己翻看着，一页页地展示给她。最后，他翻到了叶文洁最想看的那一页，信的结尾处并没有署名，只有“革命群众”四个字。",“叶文洁，这是师政治部来调查的张主任，”指导员指指陌生人说，“希望你配合，要讲实话。”“这封信是你写的吗？”张主任问，同时从信封中抽出信来。叶文洁伸手去拿，但张主任没给她，仍把信拿在自己手中，一页一页翻给她看，终于翻到了她想看的最后一页，落款上没有姓名，只写着“革命群众”四个字。,叶文洁，这位是来自政治部的张主任，他来调查一些事情，指导员边说边指向那位陌生人，请你配合一下，记得说真话哦。张主任问道，一边从信封里拿出一封信，一页页地展示给她。最后，他翻到了叶文洁最想看的那一页，信的结尾处并没有署名，只有“革命群众”四个字。,中国，1967年。“红色联合”对“四·二八兵团”总部大楼的攻击已经持续了两天，他们的旗帜在大楼周围激烈地飘扬着，就像渴望燃烧的火焰。“红色联合”的指挥官感到焦虑不安，他并不害怕大楼的守卫者，那二百多名“四·二八”战士，他们与诞生于1966年初、经历过大检阅和大串联的“红色联合”相比，显得稚嫩许多。他担心的是大楼中那十几个装满烈性炸药的大铁炉子，这些炉子通过电雷管相互连接，他无法看到它们，但他能感受到它们如同磁石般的吸引力。一旦开关被合上，这些炸药将会引发毁灭性的爆炸，而“四·二八”的那些小红卫兵们拥有这种破坏力。与已经在风雨中成熟了许多的第一代红卫兵相比，新生的造反派们显得疯狂而失去理智。大楼的顶部出现了一个娇小的身影，那个美丽的女孩子挥舞着一面“四·二八”的大旗，她的出现立刻引来了一阵混乱的枪声，这些枪声来自各种不同的武器，包括陈旧的美式卡宾枪、捷克式机枪和三八大盖，以及崭新的制式步枪和冲锋枪——后者是在“八月社论”发表之后从军队中偷抢来的——还有各种冷兵器，如梭镖和大刀，这些武器构成了一部浓缩的近现代史。“四·二八”的人在前面多次玩过这个游戏，他们知道，那些在楼顶上站出来的人，除了挥舞旗帜外，还会用喇叭筒喊口号或向下撒传单，每次他们都能在弹雨中安全地撤退，为自己赢得崇高的荣誉。,"""叶文洁，这位是政治部的张主任，他来调查一些事情，""指导员边说边指向那位陌生人，""请你配合一下，记得说真话哦。""张主任问道，一边从信封里拿出一封信。叶文洁想要接过来看，但张主任并没有递给她，而是自己翻看着，一页页地展示给她。最后，他翻到了叶文洁最想看的那一页，信的结尾处并没有署名，只有“革命群众”四个字。","""张主任，这位是来自政治部的王工程师，他来调查一些事情，""指导员边说边指向那位陌生人，""请你配合一下，记得说真话哦。""王工程师问道，一边从信封里拿出一封信。叶文洁想要接过来看，但王工程师并没有递给她，而是自己翻看着，一页页地展示给她。最后，他翻到了叶文洁最想看的那一页，信的结尾处并没有署名，只有“革命群众”四个字。",中国，1967年。“红色联合”对“四·二八兵团”总部大楼的攻击已持续了两日，他们的旗帜在大楼周围飘荡，犹如渴望燃烧的火种。“红色联合”的指挥官心急如焚，他并不惧怕大楼的守卫者，那些二百多名“四·二八”战士，与诞生于1966年初、经历过大检阅和大串联的“红色联合”相比要稚嫩许多。他怕的是大楼中那十几个大铁炉子，里面塞满了烈性炸药，用电雷管串联起来，他看不到它们，但能感受到它们磁石般的存在，开关一合，玉石俱焚，而“四·二八”的那些小红卫兵们是有这个精神力量的。比起已经在风雨中成熟了许多的第一代红卫兵，新生的造反派们像火炭上的狼群，除了疯狂还是疯狂。大楼顶上出现了一个娇小的身影，那个美丽的女孩子挥动着一面“四·二八”的大旗，她的出现立刻招来了一阵杂乱的枪声，射击的武器五花八门，有陈旧的美式卡宾枪、捷克式机枪和三八大盖，也有崭新的制式步枪和冲锋枪——后者是在“八月社论”发表之后从军队中偷抢来的——连同那些梭镖和大刀等冷兵器，构成了一部浓缩的近现代史……“四·二八”的人在前面多次玩过这个游戏，在楼顶上站出来的人，除了挥舞旗帜外，有时还用喇叭筒喊口号或向下撒传单，每次他们都能在弹雨中全身而退，为自己挣到崇高的荣誉。,"""张主任，来自政治部的叶文洁，他来调查一些事情。""","""叶文洁啊，这位是政治部的张主任，他来调查一些事情，""指导员边说边指向那位陌生人，""请你配合一下，记得说真话哦。""张主任问道，一边从信封里拿出一封信。叶文洁想要接过来看，但张主任并没有递给她，而是自己翻看着，一页页地展示给她。最后，他翻到了叶文洁最想看的那一页，信的结尾处并没有署名，只有“革命群众”四个字。","叶文洁，这位是来自政治部的张主任，他来调查一些事情，""指导员边说边指向那位陌生人，""请你配合一下，记得说真话哦。""张主任问道，一边从信封里拿出一封信。叶文洁想要接过来看，但张主任并没有递给她，而是自己翻看着，一页页地展示给她。最后，他翻到了叶文洁最想看的那一页，信的结尾处并没有署名，只有“革命群众”四个字。","叶文洁，这位是来自政治部的张主任，他前来调查一些事情，""指导员边说边指向那位陌生人，""请你予以配合，务必言之凿凿。""张主任询问道，同时从信封中取出一封信。叶文洁渴望接过来阅读，然而张主任并未将其递给她，而是亲自翻阅，一页一页地展示给她。最终，他翻到了叶文洁最渴望一睹的那一页，信的结尾处并未署名，只有“革命群众”四个字。"
75,首先，我想给大家简单说一下现在的情况。我听到了“战区”这个词，感到有点困惑，因为这个词听起来不太常见。我注意到首长似乎没有打算详细告诉我这个新来的背景故事，这也验证了史强之前说的。在常将军的开场白里，他提到了“同志们”两次，我看了看对面的北约军官和美国中情局的人，感觉他好像忘了说“先生们”。,首先把当前情况向与会的同志们介绍一下。”“战区”这个不寻常的术语令汪淼迷惑，他还注意到，首长好像并没有打算向他这样的新人介绍来龙去脉，这倒是印证了史强的话。在常将军这简短的开场白中，他两次提到了“同志们”，汪淼看看对面的两名北约军人和两个美国中情局官员，感觉将军似乎漏掉了“先生们”。,首先，我想给大家简单介绍一下现在的情况。我听到了“战区”这个词，感觉有点困惑，因为这个词听起来不太常见。我注意到首长似乎没有打算详细告诉我这个新来的背景故事，这也验证了史强之前说的。在常将军的开场白里，他提到了“同志们”两次，我看了看对面的北约军官和美国中情局的人，感觉他好像忘了说“先生们”。,中国，1967年。“红色联合”对“四·二八兵团”总部大楼的攻击已经持续了两天，他们的旗帜在大楼周围飘扬，仿佛渴望点燃战火。“红色联合”的指挥官感到焦虑，他并不害怕大楼的守卫者，那二百多名“四·二八”战士，他们相对于诞生于1966年初、经历过大检阅和大串联的“红色联合”来说，显得稚嫩许多。他担心的是大楼中那十几个装满烈性炸药的大铁炉子，它们串联在一起，他无法看到它们，但能感受到它们如同磁石般的存在。一旦引爆，将会造成毁灭性的后果，而“四·二八”的那些小红卫兵们拥有这种破坏力。新一代的造反派们如同火炭上的狼群，除了疯狂还是疯狂。大楼顶上出现了一个娇小的身影，那个美丽的女孩子挥舞着一面“四·二八”的大旗，她的出现立刻引来了一阵杂乱的枪声，各种武器纷纷射出子弹，包括陈旧的美式卡宾枪、捷克式机枪和三八大盖，以及崭新的制式步枪和冲锋枪——后者是在“八月社论”发表之后从军队中偷抢来的——还有各种冷兵器，如梭镖和大刀，这些武器构成了一部浓缩的近现代史。“四·二八”的人在前面多次玩过这个游戏，在楼顶上站出来的人，除了挥舞旗帜外，有时还用喇叭筒喊口号或向下撒传单，每次他们都能在弹雨中全身而退，为自己挣到崇高的荣誉。,首先，我想给大家简单介绍一下现在的情况。我听到了“战区”这个词，感觉有点困惑，因为这个词听起来不太常见。我注意到首长似乎没有打算详细告诉我这个新来的背景故事，这也验证了史强之前说的。在常将军的开场白里，他提到了“同志们”两次，我看了看对面的北约军官和美国中情局的人，感觉他好像忘了说“先生们”。,首先，我要为大家简要介绍一下当前的状况。我注意到“战区”这个词，感到有些迷茫，因为它并不常见。我没有发现首长打算详细向我解释这个新背景故事的意图，这也证实了史强之前所说的。在常将军的开场白中，他提到了“同志们”两次，我观察到对面的北约军官和美国中情局的人们，感觉他似乎忘了说“先生们”。,首先，我想给大家简单介绍一下当前的情况。我注意到“战区”这个词，感到有点困惑，因为这个词听起来不太常见。我注意到首长似乎没有打算详细告诉我这个新来的背景故事，这也验证了史强之前说的。在常将军的开场白里，他提到了“同志们”两次，我看了看对面的北约军官和美国中情局的人，感觉他好像忘了说“先生们”。,首先，我想与大家简单阐述一下当前的局势。提到了“战区”这个词汇，让我感到有些困惑，因为这个词汇并不常见。我注意到首长似乎并没有打算详细向我解释这个新来的背景故事，这也验证了史强之前所说的。在常将军的开场白中，他提到了“同志们”两次，我看了看对面的北约军官和美国中情局的人，感觉他好像忘了说“先生们”。,首先，我要告诉大家现在的情况。我听到了一个叫做“战区”的词，感到有点困惑，因为这个词听起来不太常见。我注意到首长似乎没有打算详细告诉我这个新来的背景故事，这也验证了史强之前说的。在常将军的开场白里，他提到了“同志们”两次，我看了看对面的北约军官和美国中情局的人，感觉他好像忘了说“先生们”。,"首先，我想给大家简单说一下现在的情况。我听到了""战区""这个词，感到有点困惑，因为这个词听起来不太常见。我注意到首长似乎没有打算详细告诉我这个新来的背景故事，这也验证了史强之前说的。在常将军的开场白里，他提到了""同志们""两次，我看了看对面的北约军官和美国中情局的人，感觉他好像忘了说""先生们""。",首先，我想向诸位简要说明一下目前的情况。我听到了“战区”这个词，感到有些困惑，因为这个词听起来并不常见。我留意到首长似乎没有打算详细告诉我这位新来者的背景故事，这也证实了史强之前所说的。在常将军的开场白中，他两次提到了“同志们”，我看了看对面的北约军官和美国中情局的人，感觉他好像忘了说“先生们”。
44,程丽华把文件放在叶文洁床前，递过去一支笔，“签个字吧，然后我们坐下来慢慢聊，看看能不能帮你理清楚头绪。”她说话的语气很是温和，就像哄孩子一样。叶文洁静静地看着文件，一声不吭，也没伸手去拿笔。程丽华还是耐心地笑了笑，“你可以信任我，我向你保证，这份文件和你的事情没有关系，放心签吧。”,程丽华把那叠文件放到叶文洁面前的床面上，递给她一支笔，“来，先签了字，咱们再好好谈谈，解开你的思想疙瘩。”她的语气，仿佛在哄一个小孩儿吃奶。叶文洁默默地看着那份文件，一动不动，没有去接笔。程丽华宽容地笑笑，“你是可以相信我的，我以人格保证，这文件内容与你的案子无关，签字吧。,程丽华把文件放在叶文洁床前，递过去一支笔，“嗯，签个字吧，然后我们坐下来慢慢聊，看看能不能帮你理清楚头绪。”她说话的语气很是温和，就像哄孩子一样。叶文洁静静地看着文件，嗯，一声不吭，也没伸手去拿笔。程丽华还是耐心地笑了笑，“嗯，你可以信任我，我向你保证，这份文件和你的事情没有关系，放心签吧。”,程丽华把文件放在叶文洁床前，递过去一支笔，“签个字吧，然后我们坐下来慢慢聊，看看能不能帮你理清楚头绪。”她的语气就像是在哄一个不听话的孩子，充满了耐心和温柔。叶文洁默默地看着文件，没有说话，也没有伸手去拿笔。程丽华微笑着看着她，说道：“你可以信任我，我向你保证，这份文件和你的事情没有关系，放心签吧。”,程丽华把文件放在叶文洁床前，递过去一支笔，“签个字吧，然后我们坐下来慢慢聊，看看能不能帮你理清楚头绪。”她说话的语气很是温和，就像哄孩子一样。叶文洁静静地看着文件，一声不吭，也没伸手去拿笔。程丽华还是耐心地笑了笑，“你可以信任我，我向你保证，这份文件和你的事情没有关系，放心签吧。”,程丽华把一份文件递给叶文洁，轻声说：“签个字吧，然后我们坐下来慢慢聊，看看能不能帮你理清楚头绪。”她说话的语气就像哄孩子一样温柔，让人感到放心和安心。叶文洁静静地看着文件，一声不响，也没有伸手去拿笔。程丽华还是耐心地笑了笑，“你可以信任我，我向你保证，这份文件和你的事情没有关系，放心签吧。”,中国，1967年。“红色联合”对“四·二八兵团”总部大楼的攻击已持续了两日，他们的旗帜在大楼周围飘荡，犹如渴望燃尽的火种。“红色联合”的指挥官心急如焚，他并不惧怕大楼的守卫者，那些二百多名“四·二八”战士，与出生于1966年初、经历过大检阅和大串联的“红色联合”相比要稚嫩许多。他怕的是大楼中那十几个大铁炉子，里面塞满了烈性炸药，用电雷管串联起来，他看不到它们，但能感受到它们磁石般的存在，开关一合，玉石俱焚，而“四·二八”的那些小红卫兵们是有这个精神力量的。比起已经在风雨中成熟了许多的第一代红卫兵，新生的造反派们像火炭上的狼群，除了疯狂还是疯狂。大楼顶上出现了一个娇小的身影，那个美丽的女孩子挥动着一面“四·二八”的大旗，她的出现立刻招来了一阵杂乱的枪声，射击的武器五花八门，有陈旧的美式卡宾枪、捷克式机枪和三八大盖，也有崭新的制式步枪和冲锋枪——后者是在“八月社论”发表之后从军队中偷抢来的——连同那些梭镖和大刀等冷兵器，构成了一部浓缩的近现代史……“四·二八”的人在前面多次玩过这个游戏，在楼顶上站出来的人，除了挥舞旗帜外，有时还用喇叭筒喊口号或向下撒传单，每次他们都能在弹雨中全身而退，为自己挣到崇高的荣誉。,"程丽华将文件递至叶文洁床前，轻声道：“ signing please, then we'll sit down and chat, and see if we can help you clarify your thoughts. ""Her tone was gentle, like comforting a child.叶文洁默默注视着文件，不发一词，亦未伸出手去拿笔。程丽华依旧耐心地笑了笑，“ you can trust me, i promise, this file has nothing to do with your matter, so please sign it. """,程丽华将文件放在叶文洁床前，递给她一支笔，“签个字吧，然后我们坐下来慢慢聊，看看能不能帮你理清楚头绪。”她说话的语气非常温和，就像哄孩子一样。叶文洁静静地看着文件，一言不发，也没有伸手去拿笔。程丽华依然耐心地微笑着，“你可以相信我，我向你保证，这份文件和你的事情没有关系，放心签字吧。”,1967年，中国。攻击“四·二八兵团”总部大楼的“红色联合”已经进行了两天。他们的旗帜在大楼周围飘扬，仿佛渴望着火种。指挥官焦急不安，他并不害怕大楼的守卫者，那些“四·二八”战士相比于经历了大检阅和大串联的“红色联合”来说还年轻稚嫩。他担心的是大楼中的十几个大铁炉子，里面装满了烈性炸药，用电雷管串联起来。他看不见它们，但能感觉到它们的存在，一旦开关合上，一切都会化为乌有。而“四·二八”的小红卫兵们却有这种精神力量。相较于已经在风雨中成熟的第一代红卫兵，新生的造反派们像火上的狼群，除了疯狂还是疯狂。大楼顶上出现了一个娇小的身影，那个美丽的女孩挥舞着“四·二八”的大旗。她的出现立刻引来了一阵杂乱的枪声，各种各样的武器被射击，有陈旧的美式卡宾枪、捷克式机枪和三八大盖，也有崭新的制式步枪和冲锋枪——后者是在“八月社论”发表之后从军队中偷抢来的——连同那些梭镖和大刀等冷兵器，构成了一部浓缩的近现代史……“四·二八”的人在前面多次玩过这个游戏，在楼顶上站出来的人，除了挥舞旗帜外，有时还用喇叭喊口号或向下撒传单，每次他们都能在弹雨中全身而退，为自己赢得崇高的荣誉。,程丽华将文件放在叶文洁床前，递过去一支笔，“请在上面签字，然后我们可以坐下来细细聊聊，看看是否能够帮你理清思绪。”她的语气温和而柔和，宛如哄孩子一般。叶文洁静静地注视着文件，一言不发，也没有伸手去拿笔。程丽华依旧耐心地微笑着，“你可以相信我，我向你保证，这份文件与你的事情毫无关联，放心地签字吧。”
172,医生思考了一下回答说：“是的，我不久前参加了神舟19号的医疗团队。有个航天员跟我们说，在太空舱外活动的时候，他看到了一些实际上并不存在的闪光。这种情况以前在国际空间站的航天员那里也有过，通常是太阳活动比较强烈的时候发生的。因为太空中的高能粒子撞击到人的视网膜，就会产生这种看到光闪闪的错觉。但是你提到的看到数字或者倒计时，这肯定不是那个原因造成的。,”医生想了想说：“有，我前一阵儿参加神舟19号的医疗组，曾有航天员报告说，他们在舱外工作时看到了并不存在的闪光。以前国际空间站上的航天员报告过类似情况，都是在太阳活动剧烈的时候，太空中的高能粒子打到视网膜上，人就看到闪耀。不过你说的看到数字，还是倒计时，绝无可能是这个原因。,医生回答道：“是的，我最近加入了神舟19号的医疗团队。有航天员告诉我们，在太空舱外活动时，他们看到了一些实际上并不存在的闪光。这种情况在国际空间站的航天员身上也出现过，通常是在太阳活动比较强烈的时候发生。因为太空中的高能粒子撞击到人的视网膜，就会产生这种看到光闪闪的错觉。但是你提到的看到数字或者倒计时，这肯定不是那个原因造成的。”,中国，1967年。红色联合对四·二八兵团总部大楼的攻击已经持续了两天，他们的旗帜在大楼周围激动地飘舞着，就像渴望着火种。红色联合的指挥官非常焦虑，他并不害怕大楼的守卫者，那二百多名四·二八战士，他们比起诞生于1966年初、经历过大检阅和大串联的红色联合要年轻许多。他担心的是大楼中那十几个大铁炉子，里面装满了烈性炸药，用电雷管连接起来，他看不到它们，但能感觉到它们像磁石一样的存在，开关一合，就会同归于尽，而四·二八的那些小红卫兵们是有这个精神力量的。比起已经在风雨中成熟了许多的第一代红卫兵，新生的造反派们就像火炭上的狼群，除了疯狂还是疯狂。大楼顶上出现了一个娇小的身影，那个美丽的女孩子挥舞着一面四·二八的大旗，她的出现立刻引来了一阵杂乱的枪声，射击的武器五花八门，有陈旧的美式卡宾枪、捷克式机枪和三八大盖，也有崭新的制式步枪和冲锋枪——后者是在八月社论发表之后从军队中偷抢来的——还包括那些梭镖和大刀等冷兵器，构成了一部浓缩的近现代史。四·二八的人在前面多次玩过这个游戏，在楼顶上站出来的人，除了挥舞旗帜外，有时还用喇叭筒喊口号或向下撒传单，每次他们都能在弹雨中全身而退，为自己赢得崇高的荣誉。,医生思考了一下回答说：“是的，我不久前参加了神舟19号的医疗团队。有个航天员跟我们说，在太空舱外活动的时候，他看到了一些实际上并不存在的闪光。这种情况以前在国际空间站的航天员那里也有过，通常是太阳活动比较强烈的时候发生的。因为太空中的高能粒子撞击到人的视网膜，就会产生这种看到光闪闪的错觉。但是你提到的看到数字或者倒计时，这肯定不是那个原因造成的。”,是的，我最近参加了神舟19号的医疗团队。有个航天员跟我们说，在太空舱外活动的时候，他看到了一些实际上并不存在的闪光。以前在国际空间站也有过类似的情况，通常是太阳活动比较强烈的时候发生的。因为太空中的高能粒子撞击到人的视网膜，就会产生这种看到光闪闪的错觉。但是你提到的看到数字或者倒计时，这肯定不是那个原因造成的。,中国，1967年。“红色联合”对“四·二八兵团”总部大楼的攻击已持续了两天，他们的旗帜在大楼周围躁动地飘扬着，仿佛渴望干柴的火种。“红色联合”的指挥官心急如焚，他并不惧怕大楼的守卫者，那二百多名“四·二八”战士，与诞生于1966年初、经历过大检阅和大串联的“红色联合”相比要稚嫩许多。他怕的是大楼中那十几个大铁炉子，里面塞满了烈性炸药，用电雷管串联起来，他看不到它们，但能感觉到它们磁石般的存在，开关一合，玉石俱焚，而“四·二八”的那些小红卫兵们是有这个精神力量的。比起已经在风雨中成熟了许多的第一代红卫兵，新生的造反派们像火炭上的狼群，除了疯狂还是疯狂。大楼顶上出现了一个娇小的身影，那个美丽的女孩子挥动着一面“四·二八”的大旗，她的出现立刻招来了一阵杂乱的枪声，射击的武器五花八门，有陈旧的美式卡宾枪、捷克式机枪和三八大盖，也有崭新的制式步枪和冲锋枪——后者是在“八月社论”发表之后从军队中偷抢来的——连同那些梭镖和大刀等冷兵器，构成了一部浓缩的近现代史……“四·二八”的人在前面多次玩过这个游戏，在楼顶上站出来的人，除了挥舞旗帜外，有时还用喇叭筒喊口号或向下撒传单，每次他们都能在弹雨中全身而退，为自己挣到崇高的荣誉。,是的，我前阵子作为神舟19号的医疗团队成员参与了一次太空探索。有个航天员跟我们讲述了一个神秘的经历，他在太空舱外看到了一些看似不存在的光芒。以前在国际空间站上有过类似的情况，通常发生在太阳活动较为剧烈的时候。太空中的高能粒子会撞击到人的视网膜，从而引发这种看到光闪闪的幻觉。然而，你所说的那些数字或计时器，显然不是这种现象所导致的。,医生仔细思考了一下，然后回答说：“没错，我不久前参加了神舟19号的医疗团队。有一个航天员告诉我们，在太空舱外活动的时候，他看到了一些实际上并不存在的闪光。这种情况以前在国际空间站的航天员那里也发生过，通常是太阳活动比较强烈的时候。因为太空中的高能粒子撞击到人的视网膜，就会产生这种看到光闪闪的错觉。但是你提到的看到数字或者倒计时，这肯定不是那个原因造成的。,1967年，中国。攻击“四·二八兵团”总部大楼的“红色联合”已经进行了两天。他们的旗帜在大楼周围飘扬，仿佛渴望着火焰的燃烧。指挥官焦急不安，他并不害怕大楼的守卫者——那二百多名“四·二八”战士。相比于刚刚诞生于1966年初、经历过大检阅和大串联的“红色联合”，他们显得稚嫩许多。他担心的是大楼中的十几个大铁炉子，里面装满了烈性炸药，用电雷管串联起来。他看不见它们，但能感觉到它们磁石般的存在。只要开关一合，玉石俱焚。而“四·二八”的小红卫兵们正是有这种精神力量。相较于已经在风雨中成熟了许多的第一代红卫兵，新生的造反派们像火炭上的狼群，除了疯狂还是疯狂。大楼顶上出现了一个娇小的身影，那个美丽的女孩子挥动着一面“四·二八”的大旗。她的出现立刻引来了一阵杂乱的枪声。射击的武器五花八门，有陈旧的美式卡宾枪、捷克式机枪和三八大盖，也有崭新的制式步枪和冲锋枪——后者是在“八月社论”发表之后从军队中偷抢来的。连同那些梭镖和大刀等冷兵器，构成了一部浓缩的近现代史……“四·二八”的人在前面多次玩过这个游戏。在楼顶上站出来的人，除了挥舞旗帜外，有时还用喇叭筒喊口号或向下撒传单。每次他们都能在弹雨中全身而退，为自己赢得崇高的荣誉。,医生略微思索后答道：“没错，我不久前参与了神舟19号的医疗团队。有一位航天员向我们讲述，在太空舱外活动时，他目睹了一些实际上并不存在的闪光。这种情况在国际空间站的航天员中也曾发生过，通常发生在太阳活动较为强烈的时候。由于太空中的高能粒子撞击到人的视网膜，因此会产生这种看到光芒闪烁的错觉。然而，你提到的数字或倒计时的情况，显然不是由此原因引起的。”
120,这个故事讲的是一个超级好的射手，他随便做了一件事，结果大家都当成了不变的规则。这就像是“农场主理论”里的那个故事：农场里的火鸡每天都在等着农场主中午十一点来喂它们。这样持续了将近一年，火鸡们就开始相信，每天十一点肯定会有食物送到。,”它们把这个神枪手一时兴起的随意行为，看成了自己宇宙中的铁律。“农场主假说”则有一层令人不安的恐怖色彩：一个农场里有一群火鸡，农场主每天中午十一点来给它们喂食。火鸡中的一名科学家观察这个现象，一直观察了近一年都没有例外，于是它也发现了自己宇宙中的伟大定律：“每天上午十一点，就有食物降临。,这个故事讲述了一个超级厉害的射手，他不经意地做了一件事，结果大家都把它当作了一条铁律。这就像“农场主理论”里的那个故事：火鸡每天都在等着农场主中午十一点来喂食，这样的日子过了将近一年，火鸡们开始坚信，每天十一点肯定会有食物送到。,故事发生在中国，时间是1967年。那个时代，红色联合与四二八兵团之间的战斗已经持续了两天。红色联合的旗帜在大楼周围飘扬，就像渴望点燃烈火的火种。红色联合的指挥官非常焦虑，他并不害怕四二八兵团的守卫者，因为他们比红色联合要年轻许多。他真正担心的是大楼里那十几个装满烈性炸药的大铁炉子，这些炉子通过电雷管连接在一起，他无法看到它们，但能感受到它们如同磁石般的存在。一旦引爆，将会造成毁灭性的后果。四二八兵团的战士们拥有这种毁灭性的精神力量。与第一代红卫兵相比，新生造反派们更加疯狂。在大楼顶部，出现了一个娇小的身影，那个美丽的女孩子挥舞着一面四二八兵团的旗帜。她的出现引起了混乱的枪声，各种武器都被用来射击，包括陈旧的美式卡宾枪、捷克式机枪和三八大盖，以及崭新的制式步枪和冲锋枪。这些武器是在八月社论发表后从军队中偷抢来的。然而，无论使用哪种武器，都无法伤害到那个挥舞旗帜的女孩。这种游戏在之前已经多次上演，四二八兵团的战士们总是在楼顶上站出来，挥舞旗帜，用喇叭喊口号或向下撒传单，每次都能安全地撤退，为自己赢得崇高的荣誉。,这个故事讲述了一个超级优秀的射手，他不经意地做了一件小事，结果大家都将其视为不变的规律。这就像是在“农场主理论”中那个故事：火鸡每天都在期待农场主中午十一点来喂食，这样的日子将近过了一年，火鸡们开始坚信，每天十一点必定会有食物送到。,这个故事讲述了一个极好的射手，他随意的一次行为，竟然被大家当作固定的法则。这就如同“农场理论”中那个关于火鸡的故事：在农场里，火鸡们每天都在期待着农场主中午十一点来喂它们。这样的场景持续了近一年，火鸡们就开始相信，每天十一点肯定会食物送到。,中国，1967年。“红色联合”对“四·二八兵团”总部大楼的攻击已持续了两日，他们的旗帜在大楼周围飘荡，犹如渴望燃星的火种。“红色联合”的指挥官心急如焚，他并不惧怕大楼的守卫者，那些二百多名“四·二八”战士，与出生于1966年初、经历过大检阅和大串联的“红色联合”相比显得稚嫩。他怕的是大楼中那十几个大铁炉子，里面装满了烈性炸药，用电雷管串联起来，他看不到它们，但能感受到它们磁石般的存在，开关一合，玉石俱焚，而“四·二八”的小红卫兵们具备这种精神力量。相较于已经在风雨中成长的第一代红卫兵，新生的造反派们犹如狼群，除了疯狂还是疯狂。大楼顶上出现了一个娇小的身影，那个美丽的女孩子挥动着一面“四·二八”的大旗，她的出现立刻引来了杂乱的枪声，射击的武器种类繁多，既有陈旧的美式卡宾枪、捷克式机枪和三八大盖，也有崭新的制式步枪和冲锋枪——后者是在“八月社论”发表之后从军队中窃取的——连同那些梭镖和大刀等冷兵器，形成了一幅浓缩的近现代史画卷……“四·二八”的人之前多次尝试过这个游戏，在楼顶上站出来的人除了挥舞旗帜外，有时还用喇叭喊口号或向下抛传单，每次他们都能在弹雨中安全撤离，为自己赢得了崇高的荣誉。,这个故事讲述了一个卓越的射手，他随意的一次行动，竟被众人视为不可改变的定律。就如同“农场理论”中那个令人深思的故事：在农场里，火鸡们在等待着农场主每天中午十一点喂它们。这样的场景持续了近一年，火鸡们开始深信，每天十一点，食物肯定会送到。,这个故事讲述了一个超级厉害的射手，他随意做了一件事，结果大家都当作了不变的规律。就像是“农场主理论”中的那个故事一样：农场里的火鸡每天都在等待农场主中午十一点来喂食。如此持续了近一年，火鸡们开始相信，每天十一点肯定会有食物送到。,中国，1967年。攻击“四·二八兵团”总部大楼的行动已经进行了两天。红色联合的旗帜在大楼周围飘扬，仿佛渴望着火焰的燃烧。红色联合的指挥官焦急不安，他并不害怕大楼的守卫者——那二百多名“四·二八”战士。相比于诞生于1966年初、经历过大检阅和大串联的红色联合，这些战士们显得稚嫩许多。他真正担心的是大楼内的十几个大铁炉子，里面装满了烈性炸药，用电雷管串联起来。他看不见这些炉子，但能感受到它们磁石般的存在。只要开关一合，玉石俱焚。而“四·二八”的小红卫兵们正是拥有这种精神力量的。相较于已经在风雨中成熟了许多的第一代红卫兵，这些新生的造反派们就像狼群中的火炭，除了疯狂还是疯狂。大楼顶上出现了一个娇小的身影，那个美丽的女孩子挥舞着一面“四·二八”的大旗。她的出现立刻引来了一阵杂乱的枪声。各种各样的武器被射击着，有陈旧的美式卡宾枪、捷克式机枪和三八大盖，也有崭新的制式步枪和冲锋枪——后者是在“八月社论”发表之后从军队中偷抢来的。还有那些梭镖和大刀等冷兵器，构成了一部浓缩的近现代史……“四·二八”的人之前已经多次玩过这个游戏。站在楼顶上的人，除了挥舞旗帜，有时还会用喇叭喊口号或向下撒传单。每次他们都能在弹雨中全身而退，为自己赢得崇高的荣誉。,请你将上述文本按照刘慈欣的写作风格进行转换，要求输出的文本语义保持不变，但风格符合刘慈欣的写作风格。请注意，不允许添加额外的句子。最后，你只需输出转换后的文本即可。
232,"""谁是敌人啊？"" ""真搞不清楚。听说北约的军官都到我们军部的指挥中心去了，五角大楼那边也有不少中国军人。现在到底谁是敌人，谁能说得清楚呢？"" ""这事听起来太不可思议了，你说的都是真的吗？"" ""我军队里的几个老朋友现在都升官了，他们透露给我听的。"" ""这么重大的事情，媒体怎么一点消息都没有呢？"" ""这就是最奇怪的地方了：所有的国家似乎都达成了一个默契，保密工作做得非常到位。",“敌人是谁？”“不知道。北约军官进驻总参的作战室了，五角大楼里也有一大帮子解放军，谁他妈知道谁是敌人？”“这也太离奇了，你说的这都是真的？！”“我在部队的好几个老战友现在都混成将军了，所以知道一些。”“这么大的事，新闻媒体居然没有一点儿反应？”“这又是一个了不得的现象：所有国家同时保密，而且做得这么严实。,"""谁是敌人啊？"" ""真搞不清楚。听说北约的军官都到我们军部的指挥中心去了，五角大楼那边也有不少中国军人。现在到底谁是敌人，谁能说得清楚呢？"" ""这事听起来太不可思议了，你说的都是真的吗？"" ""我军队里的几个老朋友现在都升官了，他们透露给我听的。"" ""这么重大的事情，媒体怎么一点消息都没有呢？"" ""这就是最奇怪的地方了：所有的国家似乎都达成了一个默契，保密工作做得非常到位。""",中国，1967年。“红色联合”对“四·二八兵团”总部大楼的攻击已经持续了两天，他们的旗帜在大楼周围飘扬着，仿佛渴望点燃战火。“红色联合”的指挥官感到焦虑，他并不害怕大楼的守卫者，那二百多名“四·二八”战士，他们相对于诞生于1966年初、经历过大检阅和大串联的“红色联合”来说，显得稚嫩许多。他担心的是大楼中那十几个装满烈性炸药的大铁炉子，它们被电雷管串联起来，他无法看到它们，但能感受到它们如同磁石般的存在。一旦开关合上，将会引发毁灭性的爆炸，而“四·二八”的那些小红卫兵们拥有这种精神力量。相较于已经在风雨中成熟了许多的第一代红卫兵，新生的造反派们如同火炭上的狼群，除了疯狂还是疯狂。大楼顶上出现了一个娇小的身影，那个美丽的女孩子挥舞着一面“四·二八”的大旗，她的出现立刻引来了一阵杂乱的枪声，射击的武器五花八门，有陈旧的美式卡宾枪、捷克式机枪和三八大盖，也有崭新的制式步枪和冲锋枪——后者是在“八月社论”发表之后从军队中偷抢来的——连同那些梭镖和大刀等冷兵器，构成了一部浓缩的近现代史……“四·二八”的人在前面多次玩过这个游戏，在楼顶上站出来的人，除了挥舞旗帜外，有时还用喇叭筒喊口号或向下撒传单，每次他们都能在弹雨中全身而退，为自己赢得崇高的荣誉。,"""谁是敌人啊？"" ""真搞不清楚。听说北约的军官都到我们军部的指挥中心去了，五角大楼那边也有不少中国军人。现在到底谁是敌人，谁能说得清楚呢？"" ""这事听起来太不可思议了，你说的都是真的吗？"" ""我军队里的几个老朋友现在都升官了，他们透露给我听的。"" ""这么重大的事情，媒体怎么一点消息都没有呢？"" ""这就是最奇怪的地方了：所有的国家似乎都达成了一个默契，保密工作做得非常到位。""","""究竟谁是我们的敌人呢？"" ""真难以分辨。据听说北约的军官都到我们军部的指挥中心去了，五角大楼那边也有不少中国军人。现在到底谁是敌人，谁能说清楚呢？"" ""这件事听起来太不可思议了，你说的都是真的吗？"" ""我军队里的几个老朋友现在都升官了，他们透露给我听的。"" ""这么重大的事情，媒体怎么一点消息都没有呢？"" ""这就是最奇怪的地方了：所有的国家似乎都达成了一个默契，保密工作做得非常到位。""",中国，1967年。“红色联合”对“四·二八兵团”总部大楼的攻击已持续了两天，他们的旗帜在大楼周围躁动地飘扬着，仿佛渴望干柴的火种。“红色联合”的指挥官心急如焚，他并不惧怕大楼的守卫者，那二百多名“四·二八”战士，与诞生于1966年初、经历过大检阅和大串联的“红色联合”相比要稚嫩许多。他怕的是大楼中那十几个大铁炉子，里面塞满了烈性炸药，用电雷管串联起来，他看不到它们，但能感觉到它们磁石般的存在，开关一合，玉石俱焚，而“四·二八”的那些小红卫兵们是有这个精神力量的。比起已经在风雨中成熟了许多的第一代红卫兵，新生的造反派们像火炭上的狼群，除了疯狂还是疯狂。大楼顶上出现了一个娇小的身影，那个美丽的女孩子挥动着一面“四·二八”的大旗，她的出现立刻招来了一阵杂乱的枪声，射击的武器五花八门，有陈旧的美式卡宾枪、捷克式机枪和三八大盖，也有崭新的制式步枪和冲锋枪——后者是在“八月社论”发表之后从军队中偷抢来的——连同那些梭镖和大刀等冷兵器，构成了一部浓缩的近现代史……“四·二八”的人在前面多次玩过这个游戏，在楼顶上站出来的人，除了挥舞旗帜外，有时还用喇叭筒喊口号或向下撒传单，每次他们都能在弹雨中全身而退，为自己挣到崇高的荣誉。,"""到底谁才是敌人，这可真是个棘手的问题。据传，北约的军官都跑到了我们军部的指挥中心，五角大楼那里也增加了不少中国军人。现在，谁才是敌人，已经无法确定了。"" ""这件事实在太不可思议了，你说的都是真的吗？"" ""我军队里的几个老朋友现在都升官了，他们告诉我的一些事情让我感到震惊。"" ""这么重要的事情，媒体怎么一点消息都没有呢？"" ""这就是最奇怪的地方，所有的国家都似乎达成了一个默契，保密工作做得非常到位。""","""谁是敌人啊？"" ""真是搞不清楚呢。听说北约的军官都涌入了我们军部的指挥中心，而五角大楼那边也有不少中国军人。现在到底谁是敌人，谁能说得清楚呢？"" ""这件事听起来太不可思议了，你说的都是真的吗？"" ""我军队里的几个老朋友现在都升官了，他们透露给我听的。"" ""这么重大的事情，媒体怎么一点消息都没有呢？"" ""这就是最奇怪的地方了：所有的国家似乎都达成了一个默契，保密工作做得非常到位。",中国，现代。“红色联合”对“四·二八兵团”总部大楼的攻击已持续了两天，他们的旗帜在大楼周围躁动地飘扬着，仿佛渴望干柴的火种。“红色联合”的指挥官心急如焚，他并不惧怕大楼的守卫者，那二百多名“四·二八”战士，与诞生于1966年初、经历过大检阅和大串联的“红色联合”相比要稚嫩许多。他怕的是大楼中那十几个大铁炉子，里面塞满了烈性炸药，用电雷管串联起来，他看不到它们，但能感觉到它们磁石般的存在，开关一合，玉石俱焚，而“四·二八”的那些小红卫兵们是有这个精神力量的。比起已经在风雨中成熟了许多的第一代红卫兵，新生的造反派们像火炭上的狼群，除了疯狂还是疯狂。大楼顶上出现了一个娇小的身影，那个美丽的女孩子挥动着一面“四·二八”的大旗，她的出现立刻招来了一阵杂乱的枪声，射击的武器五花八门，有陈旧的美式卡宾枪、捷克式机枪和三八大盖，也有崭新的制式步枪和冲锋枪——后者是在“八月社论”发表之后从军队中偷抢来的——连同那些梭镖和大刀等冷兵器，构成了一部浓缩的近现代史……“四·二八”的人在前面多次玩过这个游戏，在楼顶上站出来的人，除了挥舞旗帜外，有时还用喇叭筒喊口号或向下撒传单，每次他们都能在弹雨中全身而退，为自己挣到崇高的荣誉。,"""敌人是谁呢？真是让人难以捉摸。听说北约的军官们纷纷涌入了我们军部的指挥中心，而五角大楼那边也有不少中国军人。如今，到底谁是敌人，谁能说得清楚呢？"" ""这个消息听起来实在是匪夷所思，你所说的一切都是真实的吗？"" ""我军队里的几位老朋友如今都升官了，他们向我透露了这些情报。"" ""这个问题确实令人费解，媒体竟然一点消息都没有？"" ""这才是最令人奇怪的地方：所有的国家似乎都默契地达成了一致，保密工作做得非常出色。"
245,当工作不尬心时，他就找叶文洁发泄。但是叶文洁在技术上越来越厉害，雷政委也开始对她态度好多了。他说：“小叶，你现在对发射系统挺熟悉的了吧，这部分是红岸系统的核心，攻击部分呢。你怎么看这整套系统？”,于是，遇到工作上不顺心的时候，叶文洁就成了他唯一的出气筒。但随着叶文洁在技术上变得越来越重要，雷政委渐渐改变了最初对她的粗暴和冷漠，变得和蔼起来。“小叶啊，到了现在，对发射系统这块你已经很熟悉了，这也是红岸系统的攻击部分，是它的主体，说说你对这套系统的整体看法？,当工作不顺心时，他就找叶文洁发泄。但是叶文洁在技术上越来越厉害，雷政委也开始对她态度好多了。他说：“小叶，你现在对发射系统挺熟悉的了吧，这部分是红岸系统的核心，攻击部分呢。你怎么看这整套系统？”,中国，1967年。“红色联合”对“四·二八兵团”总部大楼的攻击已持续了两天，他们的旗帜在大楼周围躁动地飘扬着，仿佛渴望干柴的火种。“红色联合”的指挥官心急如焚，他并不惧怕大楼的守卫者，那二百多名“四·二八”战士，与诞生于1966年初、经历过大检阅和大串联的“红色联合”相比要稚嫩许多。他怕的是大楼中那十几个大铁炉子，里面塞满了烈性炸药，用电雷管串联起来，他看不到它们，但能感觉到它们磁石般的存在，开关一合，玉石俱焚，而“四·二八”的那些小红卫兵们是有这个精神力量的。比起已经在风雨中成熟了许多的第一代红卫兵，新生的造反派们像火炭上的狼群，除了疯狂还是疯狂。大楼顶上出现了一个娇小的身影，那个美丽的女孩子挥动着一面“四·二八”的大旗，她的出现立刻招来了一阵杂乱的枪声，射击的武器五花八门，有陈旧的美式卡宾枪、捷克式机枪和三八大盖，也有崭新的制式步枪和冲锋枪——后者是在“八月社论”发表之后从军队中偷抢来的——连同那些梭镖和大刀等冷兵器，构成了一部浓缩的近现代史……“四·二八”的人在前面多次玩过这个游戏，在楼顶上站出来的人，除了挥舞旗帜外，有时还用喇叭筒喊口号或向下撒传单，每次他们都能在弹雨中全身而退，为自己挣到崇高的荣誉。,当工作不再尴尬时，他就找叶文洁倾诉。然而，叶文洁在技术上越来越精湛，雷政委也开始对她态度好转。他说：“小叶，你现在对发射系统已经很熟悉了，这是红岸系统的核心，也是攻击部分。你对整个系统有什么看法？”,当工作不顺利时，他总是向叶文洁倾诉。然而，随着技术水平的不断提高，雷 commander 对叶文洁的态度也发生了转变。他说：“小叶，你现在对发射系统已经相当熟悉了，这部分是红岸系统的核心，攻击部分呢。你对整个系统有什么看法？”,中国，1967年。“红色联合”对“四·二八兵团”总部大楼的攻击已持续了两天，他们的旗帜在大楼周围躁动地飘扬着，仿佛渴望干柴的火种。“红色联合”的指挥官心急如焚，他并不惧怕大楼的守卫者，那二百多名“四·二八”战士，与诞生于1966年初、经历过大检阅和大串联的“红色联合”相比要稚嫩许多。他怕的是大楼中那十几个大铁炉子，里面塞满了烈性炸药，用电雷管串联起来，他看不到它们，但能感觉到它们磁石般的存在，开关一合，玉石俱焚，而“四·二八”的那些小红卫兵们是有这个精神力量的。比起已经在风雨中成熟了许多的第一代红卫兵，新生的造反派们像火炭上的狼群，除了疯狂还是疯狂。大楼顶上出现了一个娇小的身影，那个美丽的女孩子挥动着一面“四·二八”的大旗，她的出现立刻招来了一阵杂乱的枪声，射击的武器五花八门，有陈旧的美式卡宾枪、捷克式机枪和三八大盖，也有崭新的制式步枪和冲锋枪——后者是在“八月社论”发表之后从军队中偷抢来的——连同那些梭镖和大刀等冷兵器，构成了一部浓缩的近现代史……“四·二八”的人在前面多次玩过这个游戏，在楼顶上站出来的人，除了挥舞旗帜外，有时还用喇叭筒喊口号或向下撒传单，每次他们都能在弹雨中全身而退，为自己挣到崇高的荣誉。,当工作不再让他感到痛苦时，他就选择向叶文洁倾诉。然而，随着技术水平的不断提升，雷 commander 也开始对叶文洁刮目相看。他说：“小叶，如今你对发射系统已相当熟练，这可曾是红岸系统的核心部分，而攻击方面呢？”,当工作不够愉快时，他就找叶文洁倾诉。然而，叶文洁在技术方面越来越强大，雷政委对她的态度也越来越友好。他说：“小叶，你现在对发射系统非常熟悉，这部分是红岸系统的核心，攻击部分呢。你对这整套系统有什么看法呢？”,1967年，中国。攻击“四·二八兵团”总部大楼的行动已经进行了两天。红色联合的旗帜在大楼周围飘扬，仿佛渴望着火种。红色联合的指挥官焦急不安，他并不害怕大楼的守卫者，那些“四·二八”战士相比于经历了大检阅和大串联的红色联合来说还年轻稚嫩。他担心的是大楼中的十几个大铁炉子，里面装满了烈性炸药，通过电雷管串联起来。他看不见这些炉子，但能感受到它们磁性的存在。只要开关一合，就会引发毁灭性的爆炸。而“四·二八”的小红卫兵们正是拥有这种精神力量的。相比于已经在风雨中成熟的第一代红卫兵，新生的造反派们更加狂热。大楼顶上出现了一个娇小的身影，一个美丽的女孩挥舞着“四·二八”的大旗。她的出现立刻引来了一阵杂乱的枪声，各种各样的武器被射击着，有陈旧的美式卡宾枪、捷克式机枪和三八大盖，也有新式的步枪和冲锋枪。后者是在“八月社论”发表后从军队中偷抢来的。还有一些冷兵器，如梭镖和大刀，构成了一部浓缩的近现代史。在过去的行动中，“四·二八”的人多次玩过这个游戏。站在楼顶上的人除了挥舞旗帜外，有时还会用喇叭喊口号或向下撒传单。每次他们都能在弹雨中全身而退，为自己赢得崇高的荣誉。,当雷政委感到工作的压力时，他总是会找叶文洁倾诉。然而，随着叶文洁在技术方面的日益精湛，雷政委对她的态度也逐渐改观。他说：“小叶啊，你对发射系统已经相当熟悉了吧，这可是红岸系统的核心部分。至于攻击部分，你有什么看法呢？整套系统你觉得如何？”
268,今天有人突然叫叶文洁去基地的总部办公室。那个军官说话的口气和脸色让叶文洁感觉到事情不太对劲。她一走进办公室，就看到了一个熟悉的场面：基地的高层都在那里，还有两个她不认识的军官，显然是级别更高的官员。大家都用一种冷冷的眼神看着她。但叶文洁多年来历经的种种波折让她敏锐地意识到，今天可能不是她倒霉的日子，她顶多就是被牵连的一个小角色。,这天，突然有人通知叶文洁到基地总部办公室去，从那名军官的语气和神色中，叶文洁感到了不祥。走进办公室后，一个似曾相识的场景出现了：基地的主要领导都在场，还有两名不认识的军官，一看就是更高一级部门来的人，所有人冰冷的目光聚焦到她身上。但这么多年的风风雨雨形成的敏感告诉她，今天倒霉的人可能不是她，她最多是一个陪葬品。,今天有人突然叫叶文洁去基地的总部办公室。那个军官说话的口气和脸色让叶文洁感觉到事情不太对劲。她一走进办公室，就看到了一个熟悉的场面：基地的高层都在那里，还有两个她不认识的军官，显然是级别更高的官员。大家都用一种冷冷的眼神看着她。但叶文洁多年来历经的种种波折让她敏锐地意识到，今天可能不是她倒霉的日子，她顶多就是被牵连的一个小角色。,中国，1967年。“红色联合”对“四·二八兵团”总部大楼的攻击已经持续了两天，他们的旗帜在大楼周围激动地飘扬着，仿佛渴望着引爆的火花。“红色联合”的指挥官焦虑不安，他并不害怕大楼的守卫者，那二百多名“四·二八”战士，与诞生于1966年初、经历过大检阅和大串联的“红色联合”相比，他们显得稚嫩许多。他担心的是大楼中那十几个装满烈性炸药的大铁炉子，它们隐藏在视线之外，但却像磁石一样吸引着他。只要他按下开关，一切都将化为乌有，而“四·二八”的那些小红卫兵们拥有这种毁灭的力量。比起已经在风雨中成熟了许多的第一代红卫兵，新生的造反派们像被放在火炭上的狼群，除了疯狂还是疯狂。大楼的顶部出现了一个娇小的身影，那个美丽的女孩子挥舞着一面“四·二八”的大旗，她的出现立刻引来了一阵混乱的枪声，射击的武器五花八门，有陈旧的美式卡宾枪、捷克式机枪和三八大盖，也有崭新的制式步枪和冲锋枪——后者是在“八月社论”发表之后从军队中偷抢来的——连同那些梭镖和大刀等冷兵器，构成了一部浓缩的近现代史……“四·二八”的人在前面多次玩过这个游戏，在楼顶上站出来的人，除了挥舞旗帜外，有时还用喇叭筒喊口号或向下撒传单，每次他们都能在弹雨中全身而退，为自己赢得崇高的荣誉。,今天，有人突然把叶文洁叫到了基地总部的办公室。那个军官说话的语气以及脸色让叶文洁感觉到了事情的不对劲。她一走进办公室，就看到了一个熟悉的场景：基地的高层都在那里，还有两个她不认识的军官，显然是级别更高的官员。大家都用一种冷冷的眼神看着她。然而，叶文洁多年来的经历让她敏锐地意识到，今天可能不是她倒霉的日子，她顶多就是被牵连的一个小角色。,今天有人突然叫叶文洁去基地的总部办公室。那个军官说话的口气和脸色让叶文洁感觉到事情不太对劲。她一走进办公室，就看到了一个熟悉的场面：基地的高层都在那里，还有两个她不认识的军官，显然是级别更高的官员。大家都用一种冷冷的眼神看着她。但叶文洁多年来历经的种种波折让她敏锐地意识到，今天可能不是她倒霉的日子，她顶多就是被牵连的一个小角色。,今天，有人突然叫叶文洁去基地的总部办公室。那个军官说话的口气和脸色让叶文洁感觉到事情不太对劲。她一走进办公室，就看到了一个熟悉的场面：基地的高层都在那里，还有两个她不认识的军官，显然是级别更高的官员。大家都用一种冷冷的眼神看着她。但叶文洁多年来历经的种种波折让她敏锐地意识到，今天可能不是她倒霉的日子，她顶多就是被牵连的一个小角色。,今天，有人突然通知叶文洁去基地总部办公室。那个军官的语气和脸色让叶文洁感到事情似乎并不简单。她走进办公室，眼前的一幕让她心头一震：基地的高层领导们都在那里，还有两个她从未见过的人，显然是更高级别的官员。他们冷冷地看着她。但叶文洁多年的风霜雨雪已经使她足够敏锐地意识到，今天或许并非她的倒霉日子，她只是这场风波中的一个小小的波折。,今天有人突然叫叶文洁去基地的总部办公室。那个军官说话的口气和脸色让叶文洁感觉到事情不太对劲。她一走进办公室，就看到了一个熟悉的场面：基地的高层都在那里，还有两个她不认识的军官，显然是级别更高的官员。大家都用一种冷冷的眼神看着她。但叶文洁多年来历经的种种波折让她敏锐地意识到，今天可能不是她倒霉的日子，她顶多就是被牵连的一个小角色。,今天有人突然叫叶文洁去基地的总部办公室。那个军官说话的口气和脸色让叶文洁感觉到事情不太对劲。她一走进办公室，就看到了一个熟悉的场面：基地的高层都在那里，还有两个她不认识的军官，显然是级别更高的官员。大家都用一种冷冷的眼神看着她。但叶文洁多年来历经的种种波折让她敏锐地意识到，今天可能不是她倒霉的日子，她顶多就是被牵连的一个小角色。,叶文洁被突然召至基地总部办公室，那位军官的言谈举止以及面色让她感到事态不寻常。踏入办公室的瞬间，她便目睹了一个熟悉的场景：高层人员齐聚一堂，还有两位陌生的军官，显然是级别更高的官员。众人以冷漠的眼神注视着她。然而，叶文洁多年的坎坷经历使她敏锐地意识到，今日或许并非她倒霉之时，她顶多只是被牵连其中的一个小角色。
259,两天后，雷政委再次找叶文洁谈事情，这回他们坐在了监听部的大机房里，那里有一排计算机屏幕在不停地闪烁着绿色的光。杨卫宁就坐在不远处，他既不想插嘴，又担心离开，这让叶文洁觉得挺别扭的。雷政委开口了：“叶文洁，我现在给你讲讲我们监听部是干什么的。简单来说，我们的任务就是盯着敌人在太空里的动静，监听他们的航天器和地面还有它们之间的通信。我们还得和航天测控部门合作，确定敌人航天器的位置，这样红岸系统才能准确地执行任务。咱们可以说是红岸的眼睛呢。,两天后，雷政委又找叶文洁谈话，这次是在监听部的主机房里，在那一排闪着绿光的计算机显示器前。杨卫宁坐在距他们不远处，既不想参加他们的谈话，又不能放心离开，这令叶文洁感到很不自在。雷政委说：“小叶，现在我向你说明监听部的工作内容，简单地说，就是对敌人的太空活动进行监视，包括监听敌人航天器与地面和航天器间的通讯，与我航天测控部门配合，锁定敌航天器的轨道位置，为红岸系统的作战提供依据，可以说，是红岸的眼睛。,雷政委再次找叶文洁谈事情，这回他们坐在了监听部的大机房里，那里有一排计算机屏幕在不停地闪烁着绿色的光。杨卫宁就坐在不远处，他既不想插嘴，又担心离开，这让叶文洁觉得挺别扭的。雷政委开口了：“叶文洁，我现在给你讲讲我们监听部是干什么的。简单来说，我们的任务就是盯着敌人在太空里的动静，监听他们的航天器和地面还有它们之间的通信。我们还得和航天测控部门合作，确定敌人航天器的位置，这样红岸系统才能准确地执行任务。咱们可以说是红岸的眼睛呢。”,中国，1967年。“红色联合”对“四·二八兵团”总部大楼的攻击已经持续了两天，他们的旗帜在大楼周围激动地飘舞着，仿佛渴望着点燃熊熊烈火的火种。“红色联合”的指挥官心急如焚，他并不惧怕大楼的守卫者，那二百多名“四·二八”战士，与诞生于1966年初、经历过大检阅和大串联的“红色联合”相比，他们显得稚嫩许多。他怕的是大楼中那十几个巨大的铁炉子，里面塞满了烈性炸药，用电雷管串联起来，他看不到它们，但能感觉到它们如同磁石般的存在，只要开关一合，就会玉石俱焚。而“四·二八”的那些小红卫兵们，他们拥有这种精神力量。比起已经在风雨中成熟了许多的第一代红卫兵，新生的造反派们如同火炭上的狼群，除了疯狂还是疯狂。大楼顶上出现了一个娇小的身影，那个美丽的女孩子挥动着一面“四·二八”的大旗，她的出现立刻引来了一阵杂乱的枪声，射击的武器五花八门，有陈旧的美式卡宾枪、捷克式机枪和三八大盖，也有崭新的制式步枪和冲锋枪——后者是在“八月社论”发表之后从军队中偷抢来的——连同那些梭镖和大刀等冷兵器，构成了一部浓缩的近现代史。“四·二八”的人在前面多次玩过这个游戏，在楼顶上站出来的人，除了挥舞旗帜外，有时还用喇叭筒喊口号或向下撒传单，每次他们都能在弹雨中全身而退，为自己挣到崇高的荣誉。,两天后，雷政委再次找叶文洁谈事情，这回他们坐在了监听部的大机房里，那里有一排计算机屏幕在不停地闪烁着绿色的光。杨卫宁就坐在不远处，他既不想插嘴，又担心离开，这让叶文洁觉得挺别扭的。雷政委开口了：“叶文洁，我现在给你讲讲我们监听部是干什么的。简单来说，我们的任务就是盯着敌人在太空里的动静，监听他们的航天器和地面还有它们之间的通信。我们还得和航天测控部门合作，确定敌人航天器的位置，这样红岸系统才能准确地执行任务。咱们可以说是红岸的眼睛呢。,两天后，雷政委再次找叶文洁谈事情，这回他们坐在了监听部的大机房里，那里有一排计算机屏幕在不停地闪烁着绿色的光。杨卫宁就坐在不远处，他既不想插嘴，又担心离开，这让叶文洁觉得挺别扭的。雷政委开口了：“叶文洁，我现在给你讲讲我们监听部的使命。简单来说，我们的任务就是注视着敌人在太空中的动向，监听他们的航天器和地面以及他们之间的通信。我们还需要与航天测控部门紧密协作，确定敌人航天器的位置，这样红岸系统才能精准地执行任务。可以说，我们是红岸的'眼睛'。,中国，1967年。“红色联合”对“四·二八兵团”总部大楼的攻击已持续了两日，他们的旗帜在大楼周围飘荡着，犹如渴望燃尽的火种。“红色联合”的指挥官心急如焚，他并不惧怕大楼的守卫者，那些二百多名“四·二八”战士，与经历过大检阅和大串联的“红色联合”相比显得稚嫩。他怕的是大楼中那十几个大铁炉子，里面装满了烈性炸药，用电雷管串联起来，他看不到它们，但能感受到它们磁石般的存在，开关一合，玉石俱焚，而“四·二八”的那些小红卫兵们是有这个精神力量的。比起已经在风雨中成熟了许多的第一代红卫兵，新生的造反派们像火炭上的狼群，除了疯狂还是疯狂。大楼顶上出现了一个娇小的身影，那个美丽的女孩子挥动着一面“四·二八”的大旗，她的出现立刻引来了杂乱的枪声，射击的武器种类繁多，有陈旧的美式卡宾枪、捷克式机枪和三八大盖，也有崭新的制式步枪和冲锋枪——后者是在“八月社论”发表之后从军队中偷抢来的——连同那些梭镖和大刀等冷兵器，构成了一部浓缩的近现代史……“四·二八”的人在前面多次尝试过这个游戏，在楼顶上站出来的人，除了挥舞旗帜外，有时还用喇叭筒喊口号或向下撒传单，每次他们都能在弹雨中全身而退，为自己赢得了崇高的荣誉。,两天后，雷政委再次找叶文洁谈事情，他们坐在了监听部的大机房里，那里有一排计算机屏幕在不停地闪烁着绿色的光。杨卫宁就坐在不远处，他既不想插嘴，又担心离开，这让叶文洁觉得挺别扭的。雷政委开口了：“叶文洁，我现在给你讲讲我们监听部是干什么的。简单来说，我们的任务就是盯着敌人在太空里的动静，监听他们的航天器和地面还有他们之间的通信。我们还得和航天测控部门合作，确定敌人航天器的位置，这样红岸系统才能准确地执行任务。咱们可以说是红岸的眼睛呢。”,两天后，雷政委再次找叶文洁谈事情，这回他们坐在了监听部的大机房里，那里有一排计算机屏幕在不停地闪烁着绿色的光。杨卫宁就坐在不远处，他既不想插嘴，又担心离开，这让叶文洁觉得挺别扭的。雷政委开口了：“叶文洁，我现在给你讲讲我们监听部是干什么的。简单来说，我们的任务就是盯着敌人在太空里的动静，监听他们的航天器和地面还有它们之间的通信。我们还得和航天测控部门合作，确定敌人航天器的位置，这样红岸系统才能准确地执行任务。咱们可以说是红岸的眼睛呢。,1967年，中国。攻击“四·二八兵团”总部大楼的“红色联合”已经持续了两天，他们的旗帜在大楼周围飘扬，仿佛渴望着火焰的燃烧。指挥官焦急不安，他并不害怕大楼的守卫者，那些“四·二八”战士相比于经历过大检阅和大串联的“红色联合”来说还年轻稚嫩。他担心的是大楼内的十几个大铁炉子，里面装满了烈性炸药，通过电雷管串联起来。他看不见它们，但能感受到它们磁性的存在。一旦开关合上，一切都会化为乌有。而“四·二八”的小红卫兵们正是拥有这种精神力量的。相较于已经在风雨中成熟的第一代红卫兵，新生的造反派们更像是疯狂的狼群，除了疯狂就是疯狂。大楼顶上出现了一个娇小的身影，那个美丽的女孩挥舞着“四·二八”的大旗。她的出现立刻引来了一阵杂乱的枪声，各种各样的武器被射击着，有陈旧的美式卡宾枪、捷克式机枪和三八大盖，也有崭新的制式步枪和冲锋枪——后者是在“八月社论”发表之后从军队中偷抢来的——连同那些梭镖和大刀等冷兵器，构成了一部浓缩的近现代史……“四·二八”的人在前面多次玩过这个游戏，在楼顶上站出来的人，除了挥舞旗帜外，有时还用喇叭筒喊口号或向下撒传单，每次他们都能在弹雨中全身而退，为自己赢得了崇高的荣誉。,两天后，雷政委再次找到叶文洁，他们坐在监听部的大机房里，那里有一排计算机屏幕在不停地闪烁着绿色的光。杨卫宁就坐在不远处，他既不想插嘴，又担心离开，这让叶文洁觉得有些别扭。雷政委开口了：“叶文洁，我现在给你讲讲我们监听部的职责。简单来说，我们的任务就是监视敌人在太空中的动态，监听他们的航天器和地面以及它们之间的通信。我们还需要与航天测控部门合作，确定敌人航天器的位置，这样红岸系统才能准确地执行任务。我们可以说是红岸的眼睛呢。
272,好的，杨总工程师会给你介绍红岸工程的详情。现在办公室里就我们俩了。如果你不想知道，现在说还来得及。杨卫宁这么说，叶文洁明白这句话的重量，也懂得为什么这几天杨卫宁看她的时候总是那么焦急。他们得让她了解红岸工程的真相，这样她才能在基地发挥出自己的才能。但这同时也意味着，叶文洁如果知道了，她就再也没机会离开雷达峰了，红岸基地会成为她余生的家。,那好，请杨总工程师为你介绍红岸工程的情况吧。”其他人纷纷离去，办公室中只剩下杨卫宁和叶文洁两人。“如果你不同意，现在还来得及。”杨卫宁说。叶文洁知道这话的分量，也理解了杨卫宁这些天见到她时的那种焦躁。为了在基地发挥她的才华，必须让她知道红岸工程的真实情况，但这又意味着叶文洁走出雷达峰的最后一线希望也将不复存在，红岸基地将是她一生最终的归宿。,好的，杨总工程师会给你介绍红岸工程的详情。现在办公室里就我们俩了。如果你不想知道，现在说还来得及。杨卫宁这么说，叶文洁明白这句话的重量，也懂得为什么这几天杨卫宁看她的时候总是那么焦急。他们得让她了解红岸工程的真相，这样她才能在基地发挥出自己的才能。但这同时也意味着，叶文洁如果知道了，她就再也没机会离开雷达峰了，红岸基地会成为她余生的家。请你将上述文本按照下面的目标风格的描述来转变语言的风格，要求你输出的文本，        语言本意保持原文本，而语言风格则要遵循下面的风格描述。        最后你只需输出风格转换后的文本即可。,中国，1967年。红色联合对四·二八兵团总部大楼的攻击已经持续了两天，他们的旗帜在大楼周围激动地飘扬着，仿佛渴望着烈火的火种。红色联合的指挥官心急如焚，他并不惧怕大楼的守卫者，那二百多名四·二八战士，他们相较于诞生于1966年初、经历过大检阅和大串联的红色联合，显得稚嫩许多。他怕的是大楼中那十几个巨大的铁炉子，里面塞满了烈性炸药，用电雷管串联起来，他看不到它们，但能感觉到它们磁石般的存在，开关一合，玉石俱焚，而四·二八的那些小红卫兵们是有这个精神力量的。比起已经在风雨中成熟了许多的第一代红卫兵，新生的造反派们像火炭上的狼群，除了疯狂还是疯狂。大楼顶上出现了一个娇小的身影，那个美丽的女孩子挥动着一面四·二八的大旗，她的出现立刻招来了一阵杂乱的枪声，射击的武器五花八门，有陈旧的美式卡宾枪、捷克式机枪和三八大盖，也有崭新的制式步枪和冲锋枪——后者是在八月社论发表之后从军队中偷抢来的——连同那些梭镖和大刀等冷兵器，构成了一部浓缩的近现代史。四·二八的人在前面多次玩过这个游戏，在楼顶上站出来的人，除了挥舞旗帜外，有时还用喇叭筒喊口号或向下撒传单，每次他们都能在弹雨中全身而退，为自己挣到崇高的荣誉。,好的，杨总工程师会给你介绍红岸工程的详情。现在办公室里就我们俩了。如果你不想知道，现在说还来得及。杨卫宁这么说，叶文洁明白这句话的重量，也懂得为什么这几天杨卫宁看她的时候总是那么焦急。他们得让她了解红岸工程的真相，这样她才能在基地发挥出自己的才能。但这同时也意味着，叶文洁如果知道了，她就再也没机会离开雷达峰了，红岸基地会成为她余生的家。,红岸工程是我国自主研发的太空探索项目，由杨总工程师亲自介绍。目前，办公室里只有我们两个人。如果你不想了解，现在还可以走掉。杨卫宁这样告诉叶文洁，他的眼神充满了焦急。他们必须让她了解红岸工程的真相，这样她才能在基地发挥出自己的才能。但这同时也意味着，一旦她知道了，就再也没机会离开雷达峰了，红岸基地会成为她余生的家。,中国，1967年。“红色联合”对“四·二八兵团”总部大楼的攻击已持续了两天，他们的旗帜在大楼周围躁动地飘扬着，仿佛渴望干柴的火种。“红色联合”的指挥官心急如焚，他并不惧怕大楼的守卫者，那二百多名“四·二八”战士，与诞生于1966年初、经历过大检阅和大串联的“红色联合”相比要稚嫩许多。他怕的是大楼中那十几个大铁炉子，里面塞满了烈性炸药，用电雷管串联起来，他看不到它们，但能感觉到它们磁石般的存在，开关一合，玉石俱焚，而“四·二八”的那些小红卫兵们是有这个精神力量的。比起已经在风雨中成熟了许多的第一代红卫兵，新生的造反派们像火炭上的狼群，除了疯狂还是疯狂。大楼顶上出现了一个娇小的身影，那个美丽的女孩子挥动着一面“四·二八”的大旗，她的出现立刻招来了一阵杂乱的枪声，射击的武器五花八门，有陈旧的美式卡宾枪、捷克式机枪和三八大盖，也有崭新的制式步枪和冲锋枪——后者是在“八月社论”发表之后从军队中偷抢来的——连同那些梭镖和大刀等冷兵器，构成了一部浓缩的近现代史……“四·二八”的人在前面多次玩过这个游戏，在楼顶上站出来的人，除了挥舞旗帜外，有时还用喇叭筒喊口号或向下撒传单，每次他们都能在弹雨中全身而退，为自己挣到崇高的荣誉。,红岸工程，一场规模庞大的科学探索，我国科学家们在雷达峰上建立了一个巨大的天线，试图倾听来自外太空的声音。然而，这个工程并非表面上的那么简单。正如杨总工程师将要向你揭示的，红岸工程背后隐藏着更为深奥的秘密。,好的，杨总工程师会给你介绍红岸工程的详情。现在办公室里就我们俩了。如果你不想知道，现在说还来得及。杨卫宁这么说，叶文洁明白这句话的重量，也懂得为什么这几天杨卫宁看她的时候总是那么焦急。他们得让她了解红岸工程的真相，这样她才能在基地发挥出自己的才能。但这同时也意味着，叶文洁如果知道了，她就再也没机会离开雷达峰了，红岸基地会成为她余生的家。,1967年，中国。攻击“四·二八兵团”总部大楼的“红色联合”已经持续了两天。他们的旗帜在大楼周围飘扬，仿佛渴望着火种。指挥官焦急不安，他并不害怕大楼的守卫者，相比于诞生于1966年初、经历过大检阅和大串联的“红色联合”，那二百多名“四·二八”战士要年轻得多。他担心的是大楼中的十几个大铁炉子，里面装满了烈性炸药，用电雷管串联起来。他看不见它们，但能感觉到它们的存在，开关一合，一切都会化为乌有。而“四·二八”的小红卫兵们正是有这种精神力量。相较于已经在风雨中成熟的第一代红卫兵，新生的造反派们犹如火上的狼群，除了疯狂还是疯狂。大楼顶上出现了一个娇小的身影，那个美丽的女孩子挥舞着一面“四·二八”的大旗。她的出现立刻引来了一阵杂乱的枪声，各种各样的武器被射击着，有陈旧的美式卡宾枪、捷克式机枪和三八大盖，也有崭新的制式步枪和冲锋枪——后者是在“八月社论”发表之后从军队中偷抢来的——连同那些梭镖和大刀等冷兵器，构成了一部浓缩的近现代史……“四·二八”的人在前面多次玩过这个游戏，在楼顶上站出来的人，除了挥舞旗帜外，有时还用喇叭筒喊口号或向下撒传单，每次他们都能在弹雨中全身而退，为自己赢得了崇高的荣誉。,好的，杨总工程师会向你介绍红岸工程的细节。现在我们俩是办公室里唯一的人。如果你不想知道，现在说还来得及。叶文洁明白这句话的分量，也理解为什么这几天杨卫宁看她的时候总是那么焦虑。他们必须让她了解红岸工程的真相，这样她才能在基地发挥自己的才能。但同时也意味着，叶文洁一旦知道了，她就再也无法离开雷达峰，红岸基地将成为她余生的家。
239,她没想到自己学到的东西在红岸基地竟然这么有用。一开始，叶文洁在发射部门负责设备的维护和修理，没过多久，她就成了那里不可或缺的技术支柱。这让她有点困惑。她是基地里唯一一个不穿军服的人，而且因为她的特殊身份，大家都敬而远之，这让她觉得挺孤单的，所以她就更加专注于工作来消磨时间。但这还是让她疑惑，毕竟这是个国家的重要项目，难道这里的技术人员真的那么一般，以至于她这个没有工科背景、也没什么工作经验的人就能轻松取而代之吗？,没有想到，她的这些知识竟在红岸基地派到了用场。叶文洁最初在发射部做设备维护和检修，很快成了发射部不可缺少的技术骨干，这让她有些不解。她是基地里唯一不穿军装的人，更由于她的身份，所有人都同她保持距离，这使得她只能全身心投入工作中以排遣孤寂。但这也不足以说明问题，这毕竟是国防重点工程，难道这里的技术人员就那么平庸，非要让她这个非工科出身也没有工作经验的人轻易代替吗？,叶文洁在红岸基地的工作让她感到惊讶。她没想到自己学到的东西在这里竟然这么有用。一开始，她在发射部门负责设备的维护和修理，没过多久，她就成了那里不可或缺的技术支柱。这让她有点困惑。她是基地里唯一一个不穿军服的人，而且因为她的特殊身份，大家都敬而远之，这让她觉得挺孤单的，所以她就更加专注于工作来消磨时间。但这还是让她疑惑，毕竟这是个国家的重要项目，难道这里的技术人员真的那么一般，以至于她这个没有工科背景、也没什么工作经验的人就能轻松取而代之吗？,红岸基地，1967年。叶文洁在发射部门的工作越来越重要，她的技能和经验让这个基地的工程师们相形见绌。她成了基地里的技术核心，这让她的生活变得孤独，但她专注于工作，希望能填补内心的空虚。然而，她仍然感到困惑，这个国家的重点项目真的需要她这样一个没有工科背景、工作经验有限的人来支撑吗？,她未曾料到自己所学的东西在红岸基地竟然如此有用。起初，叶文洁在发射部门负责设备的维护和修理，没过多久，她便成了那里不可或缺的技术支柱。这让她有些困惑。她是基地里唯一一个不穿军服的人，而且因为她的特殊身份，大家都对她敬而远之，这让她觉得颇为孤独，因此她更加专注于工作来消磨时间。但这仍然让她疑惑，毕竟这是国家的重点项目，这里的技术人员真的那么一般，以至于她这个没有工科背景、也没什么工作经验的人就能轻松取而代之吗？,她未曾想到，自己所学的知识在红岸基地会如此关键。起初，叶文洁在发射部门负责设备维护和修理，没过多久，她就成为了那里不可或缺的技术支柱。这让她感到有些困惑。她是基地里唯一一个不穿军服的人，因为她的特殊身份，大家都敬而远之，这让她倍感孤独，所以她更加投入工作来消磨时间。然而，这还是让她感到不解，毕竟这是我国的一项重要项目，难道这里的技术人员真的如此平庸，以至于她这个没有工科背景、也没有多少工作经验的人就能轻易取而代之吗？,中国，1967年。“红色联合”对“四·二八兵团”总部大楼的攻击已持续了两天，他们的旗帜在大楼周围躁动地飘扬着，仿佛渴望干柴的火种。“红色联合”的指挥官心急如焚，他并不惧怕大楼的守卫者，那二百多名“四·二八”战士，与诞生于1966年初、经历过大检阅和大串联的“红色联合”相比要稚嫩许多。他怕的是大楼中那十几个大铁炉子，里面塞满了烈性炸药，用电雷管串联起来，他看不到它们，但能感觉到它们磁石般的存在，开关一合，玉石俱焚，而“四·二八”的那些小红卫兵们是有这个精神力量的。比起已经在风雨中成熟了许多的第一代红卫兵，新生的造反派们像火炭上的狼群，除了疯狂还是疯狂。大楼顶上出现了一个娇小的身影，那个美丽的女孩子挥动着一面“四·二八”的大旗，她的出现立刻招来了一阵杂乱的枪声，射击的武器五花八门，有陈旧的美式卡宾枪、捷克式机枪和三八大盖，也有崭新的制式步枪和冲锋枪——后者是在“八月社论”发表之后从军队中偷抢来的——连同那些梭镖和大刀等冷兵器，构成了一部浓缩的近现代史……“四·二八”的人在前面多次玩过这个游戏，在楼顶上站出来的人，除了挥舞旗帜外，有时还用喇叭筒喊口号或向下撒传单，每次他们都能在弹雨中全身而退，为自己挣到崇高的荣誉。,她未曾想到，自己所学到的知识在红岸基地中竟如此关键。最初，叶文洁在发射部门负责设备维护与修理，不久后，她便成为该部门的技术核心。这让她感到困惑。她是基地中唯一一个不穿军服的人，因她的特殊身份，众人皆敬而远之，这让她倍感孤独。因此，她更加专注于工作来消磨时间。然而，这仍让她感到困惑，毕竟这是国家的核心项目，难道基地中的技术人员真的如此平庸，以至于她这个没有工科背景、也没有经验的人就能轻易取而代之吗？,她万万没想到自己学到的东西在红岸基地居然这么有用。一开始，叶文洁在发射部门负责设备的维护和修理，没过多久，她就成了那里不可或缺的技术支柱。这让她有点困惑。她是基地里唯一一个不穿军服的人，而且因为她的特殊身份，大家都敬而远之，这让她觉得挺孤单的，所以她就更加专注于工作来消磨时间。但这还是让她疑惑，毕竟这是个国家的重要项目，难道这里的技术人员真的那么一般，以至于她这个没有工科背景、也没什么工作经验的人就能轻松取而代之吗？,她万万没想到她在红岸基地学到的东西竟然如此实用。一开始，叶文洁在发射部门负责设备的维护和修理，没过多久，她就成了那里不可或缺的技术支柱。这让她感到有些困惑。她是基地里唯一一个不穿军装的人，而且因为她的特殊身份，大家都对她保持距离，这让她觉得相当孤独，所以她更加专注于工作来打发时间。但这仍然让她感到疑惑，毕竟这是一个国家的重要项目，难道这里的技术人员真的那么普通，以至于她这个没有工科背景、也没有多少工作经验的人就能轻松取而代之吗？,她万万没想到，自己在红岸基地学到的技能竟然如此重要。起初，叶文洁只是负责发射部门设备的维护和修理，但很快她就成为了不可或缺的技术支柱。这让她感到困惑。作为基地中唯一一个不穿军装的人，加上她特殊的身份，大家都对她保持着敬而远之的态度，这让她感到相当孤独。因此，她更加专注于工作，以消磨时间。然而，这仍然让她感到疑惑。毕竟，这是国家的重要项目，难道这里的技术人员真的如此平庸，以至于她这个没有工科背景、也没有工作经验的人能够轻松取而代之吗？
375,"""你们的账号要被删除了，请你们现在离开吧。感谢你们来参加，再见！"" 两人互相看了一眼，显得有点迷茫，又环顾了一下四周，然后就走出了门。潘寒对着剩下的五个人伸出手，一个接一个地和他们握手，最后严肃地说：""从现在起，我们是战友了。"" 这里讲的是中美洲的古老文明，特别是因为阿兹特克人而闻名的文明，他们主要生活在墨西哥的中部和南部地区。",你们的ID将被注销，下面请你们离开。谢谢你们的到来，请！”两人站起身来对视一下，又困惑地看看周围，转身走出门去。潘寒向剩下的五个人伸出手来，挨个与他们紧紧握手，最后庄严地说：“我们，是同志了。”中美洲古代印第安人文明。因阿兹特克族印第安人而得名，其主要分布在墨西哥中部和南部。,中美洲的古老文明，特别是以阿兹特克文明为代表的文明，主要生活在墨西哥的中部和南部地区。嗯嗯，这个文明有着悠久的历史和丰富的文化，值得我们去探索和研究。哦，对了，你们知道吗，阿兹特克文明的发展和繁荣，离不开他们的智慧和勇敢。嗯，他们曾经建立了一个强大的帝国，统治着广大的土地和众多的人民。了，这个文明的发展，也见证了许多伟大的成就和成就。呀，比如他们的建筑艺术、天文学、数学等方面，都有着很高的成就。吗，这些成就，都是他们辛勤努力和智慧的结晶。吧，所以，我们要尊重和学习他们的文化，从中汲取智慧和力量。啊，这样，我们才能更好地理解历史，更好地展望未来。,中美洲，古代文明。“阿兹特克”的领土上，一场激战正在进行。双方的旗帜在战场上飘扬，仿佛在争夺胜利的火种。潘寒和他的新战友们紧张地面对着眼前的敌人，他们知道，这是一场生死之战。,"""你们的账号要被删除了，请你们现在离开吧。感谢你们来参加，再见！"" 两人互相看了一眼，显得有点迷茫，又环顾了一下四周，然后就走出了门。潘寒对着剩下的五个人伸出手，一个接一个地和他们握手，最后严肃地说：""从现在起，我们是战友了。"" 这里讲的是中美洲的古老文明，特别是因为阿兹特克人而闻名的文明，他们主要生活在墨西哥的中部和南部地区。",中美洲的古老文明，特别是阿兹特克人文明，位于墨西哥的中部和南部地区。,中美洲，1967年。“红色联合”对“阿兹特克人”的攻击已持续了两天，他们的旗帜在大地上摇曳着，仿佛在渴望燃烧的火焰。“红色联合”的指挥官心急如焚，他并不惧怕“阿兹特克人”的抵抗，那些年轻的战士，与诞生于1966年初、经历过大检阅和大串联的“红色联合”相比要稚嫩许多。他怕的是大地中的那些大铁炉子，里面充满了烈性炸药，用电雷管串联起来，他看不到它们，但能感觉到它们磁石般的存在，开关一合，玉石俱焚，而“阿兹特克人”的那些小红卫兵们是有这个精神力量的。比起已经在风雨中成熟了许多的第一代“阿兹特克人”，新生的造反派们像火炭上的狼群，除了疯狂还是疯狂。大地出现了一个人影，那个美丽的女孩子挥动着一面“阿兹特克人”的大旗，她的出现立刻招来了一阵杂乱的枪声，射击的武器五花八门，有陈旧的美式卡宾枪、捷克式机枪和三八大盖，也有崭新的制式步枪和冲锋枪——后者是在“八月社论”发表之后从军队中偷抢来的——连同那些梭镖和大刀等冷兵器，构成了一部浓缩的近现代史……“阿兹特克人”人们在前面多次玩过这个游戏，在大地站出来的人，除了挥舞旗帜外，有时还用喇叭筒喊口号或向下撒传单，每次他们都能在弹雨中全身而退，为自己挣到崇高的荣誉。,"""你们的账户将被封禁，请即刻离去。感谢你们的参与，祝你们好运！"" 两人相视一眼，显得有些困惑，再环顾四周，便一同离开了。潘寒向其余五人伸出双手，一一与他们握手，最后庄重地说：""从此刻起，我们便是战友了。""","""你们的账号要被删除了，现在请你们离开吧。非常感谢你们的参与，再见！"" 两人相互对视了一眼，显得有些困惑，又环顾了一下周围，然后走出了门。潘寒向剩下的五个人伸出手，一个接一个地与他们握手，最后严肃地说：""从现在开始，我们是战友了。"" 这里讲述的是中美洲古老的文明，特别是以阿兹特克人闻名的文明，他们主要居住在墨西哥的中部和南部地区。",墨西哥，公元1521年。阿兹特克人对西班牙殖民者的进攻已经持续了两天，他们的旗帜在城市周围飘扬着，仿佛渴望着胜利的火焰。阿兹特克人的指挥官心急如焚，他并不害怕殖民者，那些来自西班牙的战士，与诞生于公元1519年、经历过大检阅和大串联的阿兹特克人相比要年轻许多。他害怕的是城市中那些大石炉，里面装满了炸药，用导火线串联起来，他看不到它们，但能感觉到它们磁石般的存在，一旦点燃，城市将毁于一旦，而阿兹特克人的战士们是有这个勇气的。比起已经在战争中成熟了许多的第一代阿兹特克战士，新生的抵抗者们像烈火中的野兽，除了狂热还是狂热。城市的顶端出现了一个娇小的身影，那个美丽的女孩挥舞着一面阿兹特克的旗帜，她的出现立刻引来了一阵杂乱的枪声，射击的武器五花八门，有陈旧的西班牙卡宾枪、捷克式机枪和西班牙步枪，也有崭新的阿兹特克制式步枪和冲锋枪——后者是在西班牙殖民者到来之后从他们手中夺取的——连同那些飞镖和短剑等冷兵器，构成了一部浓缩的历史……阿兹特克战士在前面多次玩过这个游戏，在城墙上站出来的人，除了挥舞旗帜外，有时还用喇叭喊口号或向下撒传单，每次他们都能在弹雨中全身而退，为自己赢得了崇高的荣誉。,"""你们的账号将被删除，请你们现在离开。感谢你们的参与，再见！"" 两人对视一眼，显得有些困惑，环顾四周，然后走出了门。潘寒向剩下的五个人伸出手，一个接一个地与他们握手，最后严肃地说：“从现在开始，我们是战友了。” 这里描述的是中美洲的古老文明，尤其是以阿兹特克人闻名的文明，他们主要居住在墨西哥的中部和南部地区。"
366,"""哈哈，我真的不相信这个点子有用！"" IT副总裁说道，""我让我们公司好几百个员工做了个简单的实验，就算这个想法能行得通，用人来计算的速度可能还不如手工算数呢。"" 潘寒微微一笑，回答说：""确实，但如果有三千万士兵组成的计算机，每个人每秒能挥动黑白小旗十万次，而且总线上的信使跑得比音速还快好几倍，那结果肯定大不相同了。",“哈，我觉得那是最不真实的！”IT副总裁说，“我用公司的上百名员工进行过一个简单的测试，即使这想法真能实现，人列计算机的运算速度可能比一个人的手工计算都慢。”潘寒露出神秘的笑容说：“不错，但假如构成计算机的三千万个士兵，每个人在一秒钟内可以挥动黑白小旗十万次，总线上的轻骑兵的奔跑速度是几倍音速甚至更快，结果就不一样了。,哈哈，我真的不相信这个点子有用！IT副总裁说道，“我让我们公司好几百个员工做了个简单的实验，就算这个想法能行得通，用人来计算的速度可能还不如手工算数呢。”潘寒微微一笑，回答说，“确实，但如果有三千万士兵组成的计算机，每个人每秒能挥动黑白小旗十万次，而且总线上的信使跑得比音速还快好几倍，那结果肯定大不相同了。”,哈哈，我真的不相信这个点子有用！IT副总裁说道，“我让我们公司好几百个员工做了个简单的实验，就算这个想法能行得通，用人来计算的速度可能还不如手工算数呢。”潘寒微微一笑，回答说，“确实，但如果有三千万士兵组成的计算机，每个人每秒能挥动黑白小旗十万次，而且总线上的信使跑得比音速还快好几倍，那结果肯定大不相同了。”,哈哈，我真的不相信这个点子有用！IT副总裁说道，“我让我们公司好几百个员工做了个简单的实验，就算这个想法能行得通，用人来计算的速度可能还不如手工算数呢。”潘寒微微一笑，回答说，“确实，但如果有三千万士兵组成的计算机，每个人每秒能挥动黑白小旗十万次，而且总线上的信使跑得比音速还快好几倍，那结果肯定大不相同了。”,"""哈哈，我真的不相信这个方案会有什么效果！""IT副总裁说道，""我让我们公司几千名员工做了个简单的实验，就算这个想法能行得通，用人来计算的速度可能还不如手工算数呢。"" 潘寒微微一笑，回答说：""确实，但如果有几千个士兵组成的计算机，每个人每秒能挥动黑白小旗十万次，而且总线上的信使跑得比音速还快好几倍，那结果肯定大不相同了。""","哈哈，我真的不相信这个方案会有什么效果！""IT副总裁说道，""我让我们公司几百个员工做了个简单的实验，就算这个想法能行得通，用人来计算的速度可能还不如手工算数呢。"" 潘寒微微一笑，回答说：""确实，但如果有几千台计算机，每个人每秒能处理数百万条信息，而且总线上的信息传递速度比光速还快，那结果肯定大不相同了。","""哈哈，我真的不相信这个点子能行！"" IT副总裁说道，""我让公司里的几百个员工做了一个简单的实验，就算这个想法能行得通，用人来计算的速度可能还不如手工算数呢。"" 潘寒微微一笑，回答说：""确实，但如果有三千万士兵组成的计算机，每个人每秒能挥动黑白小旗十万次，而且总线上的信使跑得比音速还快好几倍，那结果肯定大不相同了。""","""哈哈，这个点子真是太厉害了！"" IT副总裁兴奋地说道，""我让我们公司好几百个员工做了个简单的实验，就算这个想法能行得通，用人来计算的速度可能还不如手工算数呢。"" 潘寒微微一笑，回答说：""确实，但如果有三千万士兵组成的计算机，每个人每秒能挥动黑白小旗十万次，而且总线上的信使跑得比音速还快好几倍，那结果肯定大不相同了。","哈哈，我真的不相信这个点子有用！"" IT副总裁说道，""我让我们公司好几百个员工做了个简单的实验，就算这个想法能行得通，用人来计算的速度可能还不如手工算数呢。"" 潘寒微微一笑，回答说：""确实，但如果有三千万士兵组成的计算机，每个人每秒能挥动黑白小旗十万次，而且总线上的信使跑得比音速还快好几倍，那结果肯定大不相同了。","""哈哈，我真的不相信这个点子有用！"" IT副总裁嘲笑道，""我让我们公司好几百个员工做了个简单的实验，就算这个想法能行得通，用人来计算的速度可能还不如手工算数呢。"" 潘寒微微一笑，回答说：""确实，但如果有三千万士兵组成的计算机，每个人每秒能挥动黑白小旗十万次，而且总线上的信使跑得比音速还快好几倍，那结果肯定大不相同了。"
319,这个女孩子跟别人不太一样，给人一种挺有书卷味的感觉。后来我才知道她是跟一帮日本游客一起来的。我还没来得及回答，她就接着说：“你这想法真是太聪明了，我们一直都在找这种办法，想把三体问题的复杂性转换成需要大量计算的那种。不过这得需要一个超级大的计算机才行。”我就直接跟她说：“就算把全世界所有的大计算机都集中起来用，也不够。”我还跟她说，要做研究至少得有个像样的环境，这儿啥都没有。,这个姑娘却不同，很有学者气质，后来知道她是同一群日本游客一起来的。不等我回答，她又说：“你的想法太高明了，我们一直在寻找这类方法，把三体问题的难度转化为巨大的计算量。但这需要很大的计算机才行。”“把全世界所有的大计算机都用上也不行。”我实话告诉她。“但你总得有一个过得去的研究环境才行，这里什么都没有。,这个女孩子跟别人不太一样，给人一种挺有书卷味的感觉。后来我才知道她是跟一帮日本游客一起来的。我还没来得及回答，她就接着说：“你这想法真是太聪明了，我们一直都在找这种办法，想把三体问题的复杂性转换成需要大量计算的那种。不过这得需要一个超级大的计算机才行。”我就直接跟她说：“就算把全世界所有的大计算机都集中起来用，也不够。”我还跟她说，要做研究至少得有个像样的环境，这儿啥都没有。,中国，1967年。“红色联合”对“四·二八兵团”总部大楼的攻击已持续了两天，他们的旗帜在大楼周围躁动地飘扬着，仿佛渴望干柴的火种。“红色联合”的指挥官心急如焚，他并不惧怕大楼的守卫者，那二百多名“四·二八”战士，与诞生于1966年初、经历过大检阅和大串联的“红色联合”相比要稚嫩许多。他怕的是大楼中那十几个大铁炉子，里面塞满了烈性炸药，用电雷管串联起来，他看不到它们，但能感觉到它们磁石般的存在，开关一合，玉石俱焚，而“四·二八”的那些小红卫兵们是有这个精神力量的。比起已经在风雨中成熟了许多的第一代红卫兵，新生的造反派们像火炭上的狼群，除了疯狂还是疯狂。大楼顶上出现了一个娇小的身影，那个美丽的女孩子挥动着一面“四·二八”的大旗，她的出现立刻招来了一阵杂乱的枪声，射击的武器五花八门，有陈旧的美式卡宾枪、捷克式机枪和三八大盖，也有崭新的制式步枪和冲锋枪——后者是在“八月社论”发表之后从军队中偷抢来的——连同那些梭镖和大刀等冷兵器，构成了一部浓缩的近现代史……“四·二八”的人在前面多次玩过这个游戏，在楼顶上站出来的人，除了挥舞旗帜外，有时还用喇叭筒喊口号或向下撒传单，每次他们都能在弹雨中全身而退，为自己挣到崇高的荣誉。,这个女孩子跟别人不太一样，给人一种挺有书卷气的感觉。后来我才知道她是跟一帮日本游客一起来的。我还没来得及回答，她就接着说：“你这想法真是太聪明了，我们一直都在找这种办法，想把三体问题的复杂性转换成需要大量计算的那种。不过这得需要一个超级大的计算机才行。”我就直接跟她说：“就算把全世界所有的大计算机都集中起来用，也不够。”我还跟她说，要做研究至少得有个像样的环境，这儿啥都没有。,这个女孩与其他人不太一样，给人一种文质彬彬的感觉。后来我才知道她是和一群日本游客一起来的。我还没来得及回答，她就接着说：“你的想法真是太聪明了，我们一直在寻找这样的方法，希望能将三体问题的复杂性转化为需要大量计算的形式。然而这需要一个超级强大的计算机才能实现。”我还告诉她，就算把全球所有的大计算机都集中起来用，也不够。我还跟她说，要进行研究至少需要一个像样的环境，这里什么都没有。,中国，1967年。“红色联合”对“四·二八兵团”总部大楼的攻击已持续了两天，他们的旗帜在大楼周围躁动地飘扬着，仿佛渴望干柴的火种。“红色联合”的指挥官心急如焚，他并不惧怕大楼的守卫者，那二百多名“四·二八”战士，与诞生于1966年初、经历过大检阅和大串联的“红色联合”相比要稚嫩许多。他怕的是大楼中那十几个大铁炉子，里面塞满了烈性炸药，用电雷管串联起来，他看不到它们，但能感觉到它们磁石般的存在，开关一合，玉石俱焚，而“四·二八”的那些小红卫兵们是有这个精神力量的。比起已经在风雨中成熟了许多的第一代红卫兵，新生的造反派们像火炭上的狼群，除了疯狂还是疯狂。大楼顶上出现了一个娇小的身影，那个美丽的女孩子挥动着一面“四·二八”的大旗，她的出现立刻招来了一阵杂乱的枪声，射击的武器五花八门，有陈旧的美式卡宾枪、捷克式机枪和三八大盖，也有崭新的制式步枪和冲锋枪——后者是在“八月社论”发表之后从军队中偷抢来的——连同那些梭镖和大刀等冷兵器，构成了一部浓缩的近现代史……“四·二八”的人在前面多次玩过这个游戏，在楼顶上站出来的人，除了挥舞旗帜外，有时还用喇叭筒喊口号或向下撒传单，每次他们都能在弹雨中全身而退，为自己挣到崇高的荣誉。,这个女孩与其他人不太一样，给人一种沉静书卷的气质。后来我才知道，她与一群日本游客一同前来。我正准备回应，她却抢先一步说道：“你的思路真是精妙，我们一直在寻找这样的解决办法，试图将三体问题的复杂性转化为需要大量计算的形式。然而，这需要一台超级计算机才能完成。”我毫不犹豫地回答她：“即使将全球所有的大计算机集中在一起，也远远不够。”我还对她说，要在科学研究上取得进展，至少需要一个像样的环境，这里一片空白。,这位女孩子与众不同，给人一种相当有学识的感觉。后来我才知道她是和一群来自日本的游客一起来的。我还没来得及回答，她就继续说：“你的想法真是太聪明了，我们一直在寻找这种方法，试图将三体问题的复杂性转化为需要大量计算的形式。不过这需要一个超级大的计算机才行。”我直接告诉她：“即使将全世界所有的大型计算机都集中起来使用，也不够。”我还告诉她，要进行研究至少需要一个像样的环境，这里什么都没有。,中国，1967年。“红色联合”对“四·二八兵团”总部大楼的攻击已持续了两天，他们的旗帜在大楼周围不停地飘扬着，仿佛渴望着火焰的燃烧。“红色联合”的指挥官焦急不安，他并不害怕大楼的守卫者，那二百多名“四·二八”战士，与诞生于1966年初、经历过大检阅和大串联的“红色联合”相比要年轻许多。他担心的是大楼中那十几个大铁炉子，里面塞满了烈性炸药，用电雷管串联起来，他看不见它们，但能感受到它们磁石般的存在，开关一合，玉石俱焚，而“四·二八”的那些小红卫兵们是有这个精神力量的。相较于已经在风雨中成熟了许多的第一代红卫兵，新生的造反派们像炽热的火焰，除了疯狂还是疯狂。大楼顶上出现了一个娇小的身影，那个美丽的女孩子挥动着一面“四·二八”的大旗，她的出现立刻引来了一阵杂乱的枪声，射击的武器五花八门，有陈旧的美式卡宾枪、捷克式机枪和三八大盖，也有崭新的制式步枪和冲锋枪——后者是在“八月社论”发表之后从军队中偷抢来的——连同那些梭镖和大刀等冷兵器，构成了一部浓缩的近现代史……“四·二八”的人在前面多次玩过这个游戏，在楼顶上站出来的人，除了挥舞旗帜外，有时还用喇叭筒喊口号或向下撒传单，每次他们都能在弹雨中全身而退，为自己争取到崇高的荣誉。,这位女子与众不同，给人一种颇具学识气息的感觉。后来我才得知她与一群来自日本的游客一同前来。我还未来得及回答，她便继续说道：“你的想法实在是太聪明了，我们一直在寻找这样一种方法，将三体问题的复杂性转化为需要大量计算的形式。然而，这需要一台超级计算机才能实现。”我直截了当地回答她：“即便将全球所有的大型计算机集中使用，也无法满足需求。”我还告诉她，进行研究至少需要一个合适的环境，而这里却一无所有。
412,罗辑仔细看了看，但除了那个可以滑动的开关，什么特别的地方也没有。他还试着扭了扭杯子的底部，可是杯底跟杯子本身连成一体，根本扭不动。护士看见他这么做，赶紧提醒他：“别乱动这些东西，你们对这里还不熟悉，弄不好会出事的。”罗辑不放心，还是问：“这东西到底怎么充电的？”,可是罗辑反复察看，除了那个滑动开关外没有任何东西，他使劲拧杯子底，但底部与杯子是一体化的。“不要乱动这里的用品，你们还不了解，会有危险的。”护士看到罗辑的举动后说。“我想知道它从哪儿充电。”,罗辑仔细看了看那个可以滑动的开关，但除了这个特别的地方，其他什么也没有。他还尝试着扭了扭杯子的底部，但是杯底和杯子连成一体，根本扭不动。护士看到他这么做，赶紧提醒他：“别乱动这些东西，我们还不熟悉这里，弄不好会出事的。”罗辑还是不放心，于是问：“这东西到底怎么充电的？”,罗辑仔细看了看，但除了那个可以滑动的开关，没有发现其他特殊的地方。他还尝试着扭了扭杯子的底部，但是杯底和杯子本身是连成一体的，无法转动。护士看到他这样做，立刻提醒他：“不要乱动这些东西，我们对这里还不熟悉，弄不好会出事的。”罗辑还是不太明白这个设备如何充电，于是询问：“这个东西怎么充电呢？”,罗辑仔细看了看，但除了那个可以滑动的开关，什么特别的地方也没有。他还试着扭了扭杯子的底部，可是杯底跟杯子本身连成一体，根本扭不动。护士看见他这么做，赶紧提醒他：“别乱动这些东西，你们对这里还不熟悉，弄不好会出事的。”罗辑不放心，还是问：“这东西到底怎么充电的？”,罗辑仔细看了看，发现除了一个可以滑动的开关之外，这个杯子并没有什么特别的地方。他还试着扭了扭杯子的底部，却发现杯子跟底部连成一体，扭动起来非常困难。看到罗辑这样做，护士赶紧提醒他：“别乱动这些东西，你们对这里还不熟悉，弄不好会出事的。”罗辑还是不放心，问：“这东西到底怎么充电的？”,中国，1967年。“红色联合”对“四·二八兵团”总部大楼的攻击已持续了两日，他们的旗帜在大楼周围飘荡，犹如渴望燃星的火种。“红色联合”的指挥官心急如焚，他并不惧怕大楼的守卫者，那些二百多名“四·二八”战士，与出生于1966年初、经历过大检阅和大串联的“红色联合”相比要稚嫩许多。他怕的是大楼中那十几个大铁炉子，里面塞满了烈性炸药，用电雷管串联起来，他看不到它们，但能感受到它们磁石般的存在，开关一合，玉石俱焚，而“四·二八”的那些小红卫兵们是有这个精神力量的。比起已经在风雨中成熟了许多的第一代红卫兵，新生的造反派们像火炭上的狼群，除了疯狂还是疯狂。大楼顶上出现了一个娇小的身影，那个美丽的女孩子挥动着一面“四·二八”的大旗，她的出现立刻招来了一阵杂乱的枪声，射击的武器五花八门，有陈旧的美式卡宾枪、捷克式机枪和三八大盖，也有崭新的制式步枪和冲锋枪——后者是在“八月社论”发表之后从军队中偷抢来的——连同那些梭镖和大刀等冷兵器，构成了一部浓缩的近现代史……“四·二八”人们在前面多次玩过这个游戏，在楼顶上站出来的人，除了挥舞旗帜外，有时还用喇叭筒喊口号或向下撒传单，每次他们都能在弹雨中全身而退，为自己挣到崇高的荣誉。,罗辑仔细打量了那台设备，除了那个可以滑动的开关，似乎并没有什么特别之处。他试着扭动了一下杯子，却发现杯子底与杯子本身紧固在一起，无法扭动。看到他这样做，护士赶紧提醒道：“别乱动这些设备，你们对这里的环境还不太熟悉，容易出危险。”罗辑仍不放心，忍不住问道：“这东西到底是如何充电的？”,罗辑仔细打量了一番，然而除了那个可以滑动的开关，没有其他特别之处。他还试着扭了扭杯子的底部，可是杯底和杯子本身是一体的，根本无法扭动。护士看到他这样做，赶紧提醒他：“不要乱动这些东西，你们对这里还不熟悉，弄不好会出事的。”罗辑不放心，还是问道：“这东西到底怎么充电的？”,1967年，中国。红色联合对四·二八兵团总部大楼进行了两天的攻击。他们的旗帜在大楼周围飘扬，仿佛渴望着火种。红色联合的指挥官心急如焚，他并不害怕大楼的守卫者，那些四·二八战士相比于红色联合来说要年轻许多，他担心的是大楼中的十几个大铁炉子。这些炉子里装满了烈性炸药，用电雷管串联起来。他看不到它们，但能感觉到它们的存在，开关一合，就会引发爆炸。而四·二八的小红卫兵们正是有这种精神力量。相比于已经成熟许多的第一代红卫兵，新生的造反派们更加疯狂。大楼顶上出现了一个娇小的身影，那个美丽的女孩子挥动着四·二八的大旗。她的出现立刻引来了一阵杂乱的枪声。射击的武器五花八门，有陈旧的美式卡宾枪、捷克式机枪和三八大盖，也有崭新的制式步枪和冲锋枪。这些武器连同冷兵器如梭镖和大刀，构成了一部浓缩的近现代史。四·二八的人在前面多次玩过这个游戏，在楼顶上站出来的人除了挥舞旗帜外，有时还用喇叭筒喊口号或向下撒传单。每次他们都能在弹雨中全身而退，为自己赢得崇高的荣誉。,罗辑仔细审视了一番，然而除了那个可滑动的开关，他并未发现任何特别之处。他试图扭动杯子的底部，但杯底与杯身相连，根本无法扭动。护士见状，连忙提醒道：“请勿随意触碰这些物品，您对此地尚不熟悉，若不慎可能会引发意外。”罗辑心有不甘，仍然追问：“这个装置究竟如何进行充电呢？”
407,护士对罗辑说：“别那么悲观，其实情况没有你想的那么糟糕。”罗辑听着这话，感觉就像是听到了天使的声音，他觉得自己就像是一个从恶梦中醒来的小孩，所有恐怖的经历在大人看来可能只是一件小事。护士说话的时候，她的护士服上好像反射出了一轮迅速升起的太阳，阳光下，那些干枯的土地好像很快就变得绿油油的，花朵也似乎在疯狂地绽放……护士离开后，罗辑就问熊文：“面壁计划进行得怎么样了？”,护士对罗辑说：“从你们那时来的人都挺绝望的，其实呢，事情真没那么严重。”在罗辑听来，这是天使的声音，他觉得自己倒是变成了一个从噩梦中醒来的孩子，所经历的可怖的一切大人们只是付之一笑。在天使说话时，她的护士服上映出了一轮飞快升起的朝阳，在金色的阳光下，原本枯黄的大地迅速变绿，花儿在疯狂地开放……护士走后，罗辑问熊文：“面壁计划怎么样了？,护士对罗辑说：“别那么悲观，其实情况没有你想的那么糟糕。”罗辑听着这话，感觉就像是听到了天使的声音，他觉得自己就像是一个从恶梦中醒来的小孩，所有恐怖的经历在大人看来可能只是一件小事。护士说话的时候，她的护士服上好像反射出了一轮迅速升起的太阳，阳光下，那些干枯的土地好像很快就变得绿油油的，花朵也似乎在疯狂地绽放……护士离开后，罗辑就问熊文：“面壁计划进行得怎么样了？”,护士对罗辑说：“别那么悲观，其实情况没有你想的那么糟糕。”罗辑听着这话，感觉就像是听到了天使的声音，他觉得自己就像是一个从恶梦中醒来的小孩，所有恐怖的经历在大人看来可能只是一件小事。护士说话的时候，她的护士服上好像反射出了一轮迅速升起的太阳，阳光下，那些干枯的土地好像很快就变得绿油油的，花朵也似乎在疯狂地绽放……护士离开后，罗辑就问熊文：“面壁计划进行得怎么样了？”,护士对罗辑说：“别那么悲观，其实情况没有你想的那么糟糕。”罗辑听着这话，感觉就像是听到了天使的声音，他觉得自己就像是一个从恶梦中醒来的小孩，所有恐怖的经历在大人看来可能只是一件小事。护士说话的时候，她的护士服上好像反射出了一轮迅速升起的太阳，阳光下，那些干枯的土地好像很快就变得绿油油的，花朵也似乎在疯狂地绽放……护士离开后，罗辑就问熊文：“面壁计划进行得怎么样了？”,罗辑听着护士的话，感觉就像是在听天使的歌声，他觉得自己就像是一个从恶梦中醒来的小孩，所有恐怖的经历在大人看来可能只是一件小事。当护士离开后，罗辑就问熊文：“面壁计划进行得怎么样了？”,中国，1967年。“红色联合”对“四·二八兵团”总部大楼的攻击已持续了两天，他们的旗帜在大楼周围躁动地飘扬着，仿佛渴望干柴的火种。“红色联合”的指挥官心急如焚，他并不惧怕大楼的守卫者，那二百多名“四·二八”战士，与诞生于1966年初、经历过大检阅和大串联的“红色联合”相比要稚嫩许多。他怕的是大楼中那十几个大铁炉子，里面塞满了烈性炸药，用电雷管串联起来，他看不到它们，但能感觉到它们磁石般的存在，开关一合，玉石俱焚，而“四·二八”的那些小红卫兵们是有这个精神力量的。比起已经在风雨中成熟了许多的第一代红卫兵，新生的造反派们像火炭上的狼群，除了疯狂还是疯狂。大楼顶上出现了一个娇小的身影，那个美丽的女孩子挥动着一面“四·二八”的大旗，她的出现立刻招来了一阵杂乱的枪声，射击的武器五花八门，有陈旧的美式卡宾枪、捷克式机枪和三八大盖，也有崭新的制式步枪和冲锋枪——后者是在“八月社论”发表之后从军队中偷抢来的——连同那些梭镖和大刀等冷兵器，构成了一部浓缩的近现代史……“四·二八”的人在前面多次玩过这个游戏，在楼顶上站出来的人，除了挥舞旗帜外，有时还用喇叭筒喊口号或向下撒传单，每次他们都能在弹雨中全身而退，为自己挣到崇高的荣誉。,罗辑就像一个从恶梦中惊醒的孩子，感觉周围的一切都变得美好起来。护士的话语就像阳光，温暖他的心灵。在护士离开后，他问熊文：“面壁计划进行得怎么样了？”熊文回答：“一切都在按计划进行，罗辑先生。”,护士对罗辑说：“别那么悲观，其实情况没有你想的那么糟糕。”罗辑听着这话，感觉就像是听到了天使的声音，他觉得自己就像是一个从恶梦中醒来的小孩，所有恐怖的经历在大人看来可能只是一件小事。护士说话的时候，她的护士服上好像反射出了一轮迅速升起的太阳，阳光下，那些干枯的土地好像很快就变得绿油油的，花朵也似乎在疯狂地绽放……护士离开后，罗辑就问熊文：“面壁计划进行得怎么样了？”,1967年，中国。攻击“四·二八兵团”总部大楼的行动已经进行了两天。红色联合的旗帜在大楼周围飘扬，仿佛渴望着火种。红色联合的指挥官焦急不安，他并不害怕大楼的守卫者，那些“四·二八”战士相比于经历过大检阅和大串联的红色联合来说还年轻稚嫩。他担心的是大楼内的十几个大铁炉子，里面装满了烈性炸药，用电雷管串联起来。他看不见它们，但能感受到它们磁石般的存在。一旦开关合上，一切都会化为乌有。而“四·二八”的小红卫兵们正是拥有这种精神力量的。相比于已经在风雨中成熟的第一代红卫兵，新生的造反派们更加狂热。大楼顶上出现了一个娇小的身影，一个美丽的女孩挥舞着“四·二八”的大旗。她的出现立刻引来了一阵杂乱的枪声。各种各样的武器被射击，有陈旧的美式卡宾枪、捷克式机枪和三八大盖，也有新式的步枪和冲锋枪。后者是在“八月社论”发表后从军队中偷抢来的。还有一些冷兵器，如梭镖和大刀，构成了一部浓缩的近现代史。在过去的行动中，“四·二八”的人多次玩过这个游戏。站在楼顶上的人除了挥舞旗帜外，有时还会用喇叭喊口号或向下撒传单。每次他们都能在弹雨中全身而退，为自己赢得崇高的荣誉。,护士对罗辑说：“莫要如此悲观，实则情势并非如你所想般糟糕。”罗辑聆听此言，犹如天使之音，感觉自己宛如从噩梦中惊醒的幼童，所有恐怖经历在成人眼中或许只是微不足道之事。护士言辞之际，其护士服犹如倒映着迅疾升起的太阳，阳光之下，枯燥之土瞬间变得翠绿欲滴，花朵亦仿佛疯狂绽放……护士离去后，罗辑遂询问熊文：“面壁计划进展如何？”
